Table S4.  PTEN gnomAD single nucleotide variants. ,,,,,,,,,,
Chrom,Position,RSID,Reference,Alternate,Source,Filters_exomes,Filters_genomes,Protein_consequence,Transcript_consequence,Annotation
10,89624230,.,A,G,E,PASS,NA,p.Thr2Ala,c.4A>G,missense
10,89624275,rs786204910,CAA,C,E,PASS,NA,p.Gln17ArgfsTer26,c.50_51delAA,frameshift
10,89624303,rs786204853,C,T,G,NA,PASS,p.Thr26Ile,c.77C>T,missense
10,89653785,.,T,C,E,PASS,NA,p.Ile28Thr,c.83T>C,missense
10,89653787,.,T,A,E,PASS,NA,p.Tyr29Asn,c.85T>A,missense
10,89653788,.,A,T,E,PASS,NA,p.Tyr29Phe,c.86A>T,missense
10,89653822,.,A,T,E,PASS,NA,p.Glu40Asp,c.120A>T,missense
10,89653862,rs786204916,G,A,E,PASS,NA,p.Val54Ile,c.160G>A,missense
10,89685272,rs748031178,T,G,E,PASS,NA,p.Phe56Cys,c.167T>G,missense
10,89690826,rs777640028,C,A,E,PASS,NA,p.Thr78Asn,c.233C>A,missense
10,89690828,rs202004587,G,A,E G,PASS,PASS,p.Ala79Thr,c.235G>A,missense
10,89690828,rs202004587,G,T,G,NA,PASS,p.Ala79Ser,c.235G>T,missense
10,89692805,rs786204928,C,T,G,NA,PASS,p.Gln97Ter,c.289C>T,stop gained
10,89692844,.,C,G,E,PASS,NA,p.Gln110Glu,c.328C>G,missense
10,89692864,.,C,A,E,PASS,NA,p.Asp116Glu,c.348C>A,missense
10,89692865,rs771310592,A,C,E,PASS,NA,p.Asn117His,c.349A>C,missense
10,89692866,rs551221430,A,G,E,PASS,NA,p.Asn117Ser,c.350A>G,missense
10,89692904,rs121909224,C,T,E,PASS,NA,p.Arg130Ter,c.388C>T,stop gained
10,89692920,rs370795352,T,TA,E,PASS,NA,p.Cys136MetfsTer44,c.405dupA,frameshift
10,89692931,.,T,A,G,NA,PASS,p.Leu139Ile,c.415T>A,missense
10,89692940,rs746152219,C,T,E,PASS,NA,p.Arg142Trp,c.424C>T,missense
10,89692941,rs753630034,G,A,E,PASS,NA,p.Arg142Gln,c.425G>A,missense
10,89692956,rs757087471,A,G,E,PASS,NA,p.Lys147Arg,c.440A>G,missense
10,89692977,.,T,C,G,NA,PASS,p.Phe154Ser,c.461T>C,missense
10,89692986,.,A,G,E,PASS,NA,p.Glu157Gly,c.470A>G,missense
10,89693008,rs146629065,G,C,E,PASS,NA,p.Lys164Asn,c.492G>C,missense
10,89711878,rs780943695,G,A,E,PASS,NA,p.Val166Ile,c.496G>A,missense
10,89711881,.,A,G,E,PASS,NA,p.Thr167Ala,c.499A>G,missense
10,89711900,rs121913294,G,A,E,PASS,NA,p.Arg173His,c.518G>A,missense
10,89711909,rs757498880,A,G,E G,PASS,PASS,p.Tyr176Cys,c.527A>G,missense
10,89711920,rs746280047,T,C,E,PASS,NA,p.Tyr180His,c.538T>C,missense
10,89711976,rs747072478,G,A,E,PASS,NA,p.Met198Ile,c.594G>A,missense
10,89711977,.,A,T,E,PASS,NA,p.Met199Leu,c.595A>T,missense
10,89711995,rs776763121,A,G,E G,PASS,PASS,p.Met205Val,c.613A>G,missense
10,89711996,.,T,C,G,NA,PASS,p.Met205Thr,c.614T>C,missense
10,89712007,rs765433422,G,A,E G,RF,PASS,p.Gly209Arg,c.625G>A,missense
10,89712015,rs121909232,C,A,E,PASS,NA,p.Cys211Ter,c.633C>A,stop gained
10,89717613,.,C,A,G,NA,PASS,p.Pro213His,c.638C>A,missense
10,89717634,rs141373793,T,C,E,PASS,NA,p.Leu220Pro,c.659T>C,missense
10,89717637,.,A,G,E,PASS,NA,p.Lys221Arg,c.662A>G,missense
10,89717648,.,T,C,G,NA,PASS,p.Tyr225His,c.673T>C,missense
10,89717658,rs748240670,A,G,E,PASS,NA,p.Asn228Ser,c.683A>G,missense
10,89717661,.,C,T,E,PASS,NA,p.Ser229Leu,c.686C>T,missense
10,89717673,rs770025422,G,A,E,PASS,NA,p.Arg233Gln,c.698G>A,missense
10,89717691,rs786204871,T,C,E,PASS,NA,p.Met239Thr,c.716T>C,missense
10,89717708,rs786202918,C,T,E,PASS,NA,p.Gln245Ter,c.733C>T,stop gained
10,89717715,rs587782341,T,TA,E,PASS,NA,p.Pro248ThrfsTer5,c.741dupA,frameshift
10,89717718,rs759560822,C,G,E,PASS,NA,p.Pro248Arg,c.743C>G,missense
10,89717718,rs759560822,CTG,C,E,PASS,NA,p.Cys250TrpfsTer2,c.750_751delTG,frameshift
10,89717754,.,A,G,E,PASS,NA,p.Lys260Arg,c.779A>G,missense
10,89717760,rs763784377,A,G,E,PASS,NA,p.Asn262Ser,c.785A>G,missense
10,89717769,rs121913289,T,G,E,PASS,NA,p.Leu265Arg,c.794T>G,missense
10,89720672,.,G,A,G,NA,PASS,p.Val275Ile,c.823G>A,missense
10,89720687,.,A,G,E,PASS,NA,p.Ile280Val,c.838A>G,missense
10,89720714,rs562015640,A,G,E,PASS,NA,p.Lys289Glu,c.865A>G,missense
10,89720730,.,G,A,G,NA,PASS,p.Ser294Asn,c.881G>A,missense
10,89720731,rs143335584,T,G,E G,PASS,PASS,p.Ser294Arg,c.882T>G,missense
10,89720741,rs371387815,C,G,E G,PASS,PASS,p.Gln298Glu,c.892C>G,missense
10,89720750,rs758644748,G,A,E,PASS,NA,p.Asp301Asn,c.901G>A,missense
10,89720753,.,A,G,G,NA,PASS,p.Ser302Gly,c.904A>G,missense
10,89720754,rs745638189,G,A,E,PASS,NA,p.Ser302Asn,c.905G>A,missense
10,89720757,rs772018727,T,G,E,PASS,NA,p.Ile303Ser,c.908T>G,missense
10,89720762,rs775461980,A,G,E,PASS,NA,p.Ser305Gly,c.913A>G,missense
10,89720768,rs746930141,G,C,E,PASS,NA,p.Glu307Gln,c.919G>C,missense
10,89720772,rs786201507,G,A,E,PASS,NA,p.Arg308His,c.923G>A,missense
10,89720784,rs863224667,A,G,E,PASS,NA,p.Asp312Gly,c.935A>G,missense
10,89720790,.,A,C,E,PASS,NA,p.Glu314Ala,c.941A>C,missense
10,89720805,rs761350690,C,T,E,PASS,NA,p.Thr319Ile,c.956C>T,missense
10,89720810,.,AC,A,E,PASS,NA,p.Thr321LysfsTer23,c.962delC,frameshift
10,89720867,rs759852661,A,C,E,PASS,NA,p.Asn340His,c.1018A>C,missense
10,89725078,rs375709098,C,A,E G,PASS,PASS,p.Pro354Gln,c.1061C>A,missense
10,89725078,rs375709098,C,T,E,PASS,NA,p.Pro354Leu,c.1061C>T,missense
10,89725083,rs587782345,A,C,E,PASS,NA,p.Asn356His,c.1066A>C,missense
10,89725091,.,G,C,E,PASS,NA,p.Glu358Asp,c.1074G>C,missense
10,89725095,rs587781273,A,G,E G,PASS,RF,p.Ser360Gly,c.1078A>G,missense
10,89725098,.,A,C,E,PASS,NA,p.Ser361Arg,c.1081A>C,missense
10,89725104,rs765416558,A,G,E,PASS,NA,p.Thr363Ala,c.1087A>G,missense
10,89725105,rs750585255,C,A,E,PASS,NA,p.Thr363Asn,c.1088C>A,missense
10,89725105,rs750585255,C,T,E,PASS,NA,p.Thr363Ile,c.1088C>T,missense
10,89725108,.,C,G,E,PASS,NA,p.Ser364Cys,c.1091C>G,missense
10,89725132,.,A,G,E,PASS,NA,p.Asn372Ser,c.1115A>G,missense
10,89725147,rs751286806,A,T,E,PASS,NA,p.Tyr377Phe,c.1130A>T,missense
10,89725188,rs786203911,C,T,E,PASS,NA,p.Pro391Ser,c.1171C>T,missense
10,89725204,rs754821870,A,G,E,PASS,NA,p.Gln396Arg,c.1187A>G,missense
