Table S3. PTEN ClinVar missense variants.,,,,,,,,,,
Name,Gene(s),Condition(s),Clinical significance (Last reviewed),Review status,GRCh37Chromosome,GRCh37Location,GRCh38Chromosome,GRCh38Location,VariationID,AlleleID(s)
NM_000314.6(PTEN):c.510T>A (p.Ser170Arg),PTEN,Bannayan-Riley-Ruvalcaba syndrome,"Pathogenic(Last reviewed: Aug 1, 1997)",no assertion criteria provided,10,89711892,10,87952135,7815,22854
NM_000314.6(PTEN):c.344A>G (p.Asp115Gly),PTEN,Cowden syndrome,"Likely pathogenic(Last reviewed: Nov 20, 2015)","criteria provided, single submitter",10,89692860,10,87933103,224542,226337
NM_000314.6(PTEN):c.408T>G (p.Cys136Trp),PTEN,Cowden syndrome,"Likely pathogenic(Last reviewed: Nov 20, 2015)","criteria provided, single submitter",10,89692924,10,87933167,224543,226338
NM_000314.6(PTEN):c.486C>G (p.Asp162Glu),PTEN,Cowden syndrome,"Likely pathogenic(Last reviewed: Nov 20, 2015)","criteria provided, single submitter",10,89693002,10,87933245,224544,226340
NM_000314.6(PTEN):c.104T>G (p.Met35Arg),PTEN,Cowden syndrome 1,"Pathogenic(Last reviewed: Sep 1, 2003)",no assertion criteria provided,10,89653806,10,87894049,7825,22864
NM_000314.6(PTEN):c.209T>C (p.Leu70Pro),PTEN,Cowden syndrome 1,"Pathogenic(Last reviewed: Nov 1, 1998)",no assertion criteria provided,10,89685314,10,87925557,7826,22865
NM_000314.6(PTEN):c.368A>G (p.His123Arg),PTEN,Cowden syndrome 1,"Pathogenic(Last reviewed: Aug 1, 1997)",no assertion criteria provided,10,89692884,10,87933127,7816,22855
NM_000314.6(PTEN):c.370T>C (p.Cys124Arg),PTEN,Cowden syndrome 1|not provided,"Pathogenic(Last reviewed: Jun 30, 2016)","criteria provided, single submitter",10,89692886,10,87933129,7817,22856
NM_000314.6(PTEN):c.202T>C (p.Tyr68His),PTEN,Cowden syndrome 1|not provided|Hereditary cancer-predisposing syndrome,"Pathogenic/Likely pathogenic(Last reviewed: Mar 8, 2017)","criteria provided, multiple submitters, no conflicts",10,89685307,10,87925550,189474,187338
NM_000314.6(PTEN):c.265C>T (p.Pro89Ser),PTEN,Cowden syndrome 1|not specified,"Uncertain significance(Last reviewed: Apr 16, 2015)","criteria provided, single submitter",10,89692781,10,87933024,156512,166277
NM_000314.6(PTEN):c.701G>A (p.Arg234Gln),PTEN,Glioma susceptibility 2|Meningioma,"Pathogenic, risk factor(Last reviewed: May 20, 2002)",no assertion criteria provided,10,89717676,10,87957919,7840,22879
NM_000314.6(PTEN):c.28A>G (p.Ser10Gly),PTEN,Hereditary cancer-predisposing syndrome,"Uncertain significance(Last reviewed: Jun 28, 2012)","criteria provided, single submitter",10,89624254,10,87864497,428272,419689
NM_000314.6(PTEN):c.36C>G (p.Asn12Lys),PTEN,Hereditary cancer-predisposing syndrome,"Uncertain significance(Last reviewed: Jan 17, 2014)","criteria provided, single submitter",10,89624262,10,87864505,141715,151429
NM_000314.6(PTEN):c.44G>C (p.Arg15Thr),PTEN,Hereditary cancer-predisposing syndrome,"Uncertain significance(Last reviewed: Apr 17, 2014)","criteria provided, single submitter",10,89624270,10,87864513,428243,419692
NM_000314.6(PTEN):c.45A>C (p.Arg15Ser),PTEN,Hereditary cancer-predisposing syndrome,"Likely pathogenic(Last reviewed: Sep 7, 2016)","criteria provided, single submitter",10,89624271,10,87864514,428194,419693
NM_000314.6(PTEN):c.46T>C (p.Tyr16His),PTEN,Hereditary cancer-predisposing syndrome,"Likely pathogenic(Last reviewed: Nov 20, 2014)","criteria provided, single submitter",10,89624272,10,87864515,428195,419695
NM_000314.6(PTEN):c.59G>T (p.Gly20Val),PTEN,Hereditary cancer-predisposing syndrome,"Uncertain significance(Last reviewed: Oct 21, 2015)","criteria provided, single submitter",10,89624285,10,87864528,428266,419696
NM_000314.6(PTEN):c.70G>C (p.Asp24His),PTEN,Hereditary cancer-predisposing syndrome,"Pathogenic(Last reviewed: Aug 15, 2014)","criteria provided, single submitter",10,89624296,10,87864539,186005,183007
NM_000314.6(PTEN):c.70G>A (p.Asp24Asn),PTEN,Hereditary cancer-predisposing syndrome,"Likely pathogenic(Last reviewed: May 20, 2014)","criteria provided, single submitter",10,89624296,10,87864539,185200,183006
NM_000314.6(PTEN):c.104T>C (p.Met35Thr),PTEN,Hereditary cancer-predisposing syndrome,"Likely pathogenic(Last reviewed: Dec 12, 2014)","criteria provided, single submitter",10,89653806,10,87894049,428244,419698
NM_000314.6(PTEN):c.105_106delGGinsAC (p.Met35_Gly36delinsIleArg),PTEN,Hereditary cancer-predisposing syndrome,"Pathogenic(Last reviewed: Jul 25, 2014)","criteria provided, single submitter",10,89653807 - 89653808,10,87894050 - 87894051,185863,183012
NM_000314.6(PTEN):c.112C>A (p.Pro38Thr),PTEN,Hereditary cancer-predisposing syndrome,"Uncertain significance(Last reviewed: Jan 6, 2015)","criteria provided, single submitter",10,89653814,10,87894057,229912,233843
NM_000314.6(PTEN):c.144C>G (p.Asn48Lys),PTEN,Hereditary cancer-predisposing syndrome,"Likely pathogenic(Last reviewed: Dec 15, 2015)","criteria provided, single submitter",10,89653846,10,87894089,231771,233844
NM_000314.6(PTEN):c.158T>A (p.Val53Glu),PTEN,Hereditary cancer-predisposing syndrome,"Uncertain significance(Last reviewed: Oct 31, 2014)","criteria provided, single submitter",10,89653860,10,87894103,186980,183015
NM_000314.6(PTEN):c.203A>G (p.Tyr68Cys),PTEN,Hereditary cancer-predisposing syndrome,"Pathogenic(Last reviewed: Sep 10, 2015)","criteria provided, single submitter",10,89685308,10,87925551,233777,233846
NM_000314.6(PTEN):c.254T>G (p.Val85Gly),PTEN,Hereditary cancer-predisposing syndrome,"Uncertain significance(Last reviewed: Nov 29, 2013)","criteria provided, single submitter",10,89692770,10,87933013,428239,419709
NM_000314.6(PTEN):c.275A>C (p.Asp92Ala),PTEN,Hereditary cancer-predisposing syndrome,"Likely pathogenic(Last reviewed: Mar 29, 2016)","criteria provided, single submitter",10,89692791,10,87933034,428196,419713
NM_000314.6(PTEN):c.283C>A (p.Pro95Thr),PTEN,Hereditary cancer-predisposing syndrome,"Uncertain significance(Last reviewed: Jul 24, 2015)","criteria provided, single submitter",10,89692799,10,87933042,428204,419714
NM_000314.6(PTEN):c.328C>G (p.Gln110Glu),PTEN,Hereditary cancer-predisposing syndrome,"Uncertain significance(Last reviewed: Dec 14, 2012)","criteria provided, single submitter",10,89692844,10,87933087,428229,419716
NM_000314.6(PTEN):c.355G>C (p.Val119Leu),PTEN,Hereditary cancer-predisposing syndrome,"Likely pathogenic(Last reviewed: Nov 20, 2014)","criteria provided, single submitter",10,89692871,10,87933114,428226,419719
NM_000314.6(PTEN):c.355G>T (p.Val119Phe),PTEN,Hereditary cancer-predisposing syndrome,"Likely pathogenic(Last reviewed: Jun 25, 2013)","criteria provided, single submitter",10,89692871,10,87933114,428193,419720
NM_000314.6(PTEN):c.359C>A (p.Ala120Glu),PTEN,Hereditary cancer-predisposing syndrome,"Likely pathogenic(Last reviewed: Nov 18, 2014)","criteria provided, single submitter",10,89692875,10,87933118,428222,419721
NM_000314.6(PTEN):c.367C>G (p.His123Asp),PTEN,Hereditary cancer-predisposing syndrome,"Likely pathogenic(Last reviewed: Sep 14, 2016)","criteria provided, single submitter",10,89692883,10,87933126,428277,419722
NM_000314.6(PTEN):c.370T>G (p.Cys124Gly),PTEN,Hereditary cancer-predisposing syndrome,"Likely pathogenic(Last reviewed: Jul 23, 2014)","criteria provided, single submitter",10,89692886,10,87933129,185817,183027
NM_000314.6(PTEN):c.377C>T (p.Ala126Val),PTEN,Hereditary cancer-predisposing syndrome,"Likely pathogenic(Last reviewed: Sep 15, 2016)","criteria provided, single submitter",10,89692893,10,87933136,428234,419724
NM_000314.6(PTEN):c.380G>A (p.Gly127Glu),PTEN,Hereditary cancer-predisposing syndrome,"Likely pathogenic(Last reviewed: Oct 22, 2015)","criteria provided, single submitter",10,89692896,10,87933139,428225,419725
NM_000314.6(PTEN):c.384G>C (p.Lys128Asn),PTEN,Hereditary cancer-predisposing syndrome,"Likely pathogenic(Last reviewed: Jun 16, 2016)","criteria provided, single submitter",10,89692900,10,87933143,428220,419726
NM_000314.6(PTEN):c.402G>T (p.Met134Ile),PTEN,Hereditary cancer-predisposing syndrome,"Likely pathogenic(Last reviewed: Feb 29, 2016)","criteria provided, single submitter",10,89692918,10,87933161,428267,419727
NM_000314.6(PTEN):c.403A>G (p.Ile135Val),PTEN,Hereditary cancer-predisposing syndrome,"Pathogenic(Last reviewed: Nov 18, 2014)","criteria provided, single submitter",10,89692919,10,87933162,142287,152001
NM_000314.6(PTEN):c.404T>A (p.Ile135Lys),PTEN,Hereditary cancer-predisposing syndrome,"Likely pathogenic(Last reviewed: Jul 24, 2013)","criteria provided, single submitter",10,89692920,10,87933163,428235,419728
NM_000314.6(PTEN):c.428G>A (p.Gly143Asp),PTEN,Hereditary cancer-predisposing syndrome,"Uncertain significance(Last reviewed: Jun 17, 2014)","criteria provided, single submitter",10,89692944,10,87933187,185276,183030
NM_000314.6(PTEN):c.442G>A (p.Ala148Thr),PTEN,Hereditary cancer-predisposing syndrome,"Uncertain significance(Last reviewed: Aug 7, 2015)","criteria provided, single submitter",10,89692958,10,87933201,233304,233852
NM_000314.6(PTEN):c.463T>C (p.Tyr155His),PTEN,Hereditary cancer-predisposing syndrome,"Pathogenic(Last reviewed: Sep 19, 2013)","criteria provided, single submitter",10,89692979,10,87933222,428237,419732
NM_000314.6(PTEN):c.475A>G (p.Arg159Gly),PTEN,Hereditary cancer-predisposing syndrome,"Likely pathogenic(Last reviewed: Sep 24, 2014)","criteria provided, single submitter",10,89692991,10,87933234,186094,183032
NM_000314.6(PTEN):c.476G>T (p.Arg159Met),PTEN,Hereditary cancer-predisposing syndrome,"Likely pathogenic(Last reviewed: Jul 2, 2015)","criteria provided, single submitter",10,89692992,10,87933235,428262,419733
NM_000314.6(PTEN):c.488A>G (p.Lys163Arg),PTEN,Hereditary cancer-predisposing syndrome,"Uncertain significance(Last reviewed: Sep 3, 2014)","criteria provided, single submitter",10,89693004,10,87933247,186180,183033
NM_000314.6(PTEN):c.493G>A (p.Gly165Arg),PTEN,Hereditary cancer-predisposing syndrome,"Likely pathogenic(Last reviewed: Feb 9, 2015)","criteria provided, single submitter",10,89711875,10,87952118,428256,419734
NM_000314.6(PTEN):c.496G>A (p.Val166Ile),PTEN,Hereditary cancer-predisposing syndrome,"Uncertain significance(Last reviewed: Nov 6, 2014)","criteria provided, single submitter",10,89711878,10,87952121,187015,183034
NM_000314.6(PTEN):c.509G>T (p.Ser170Ile),PTEN,Hereditary cancer-predisposing syndrome,"Pathogenic(Last reviewed: Aug 25, 2015)","criteria provided, single submitter",10,89711891,10,87952134,233590,233855
NM_000314.6(PTEN):c.518G>T (p.Arg173Leu),PTEN,Hereditary cancer-predisposing syndrome,"Likely pathogenic(Last reviewed: Mar 2, 2015)","criteria provided, single submitter",10,89711900,10,87952143,428258,419738
NM_000314.6(PTEN):c.518G>C (p.Arg173Pro),PTEN,Hereditary cancer-predisposing syndrome,"Likely pathogenic(Last reviewed: Jun 17, 2014)","criteria provided, single submitter",10,89711900,10,87952143,185195,183035
NM_000314.6(PTEN):c.520T>A (p.Tyr174Asn),PTEN,Hereditary cancer-predisposing syndrome,"Likely pathogenic(Last reviewed: Aug 26, 2014)","criteria provided, single submitter",10,89711902,10,87952145,142220,151934
NM_000314.6(PTEN):c.549G>T (p.Lys183Asn),PTEN,Hereditary cancer-predisposing syndrome,"Uncertain significance(Last reviewed: May 6, 2015)","criteria provided, single submitter",10,89711931,10,87952174,231562,233857
NM_000314.6(PTEN):c.551A>T (p.Asn184Ile),PTEN,Hereditary cancer-predisposing syndrome,"Uncertain significance(Last reviewed: Mar 11, 2014)","criteria provided, single submitter",10,89711933,10,87952176,141636,151350
NM_000314.6(PTEN):c.596T>C (p.Met199Thr),PTEN,Hereditary cancer-predisposing syndrome,"Uncertain significance(Last reviewed: Nov 26, 2013)","criteria provided, single submitter",10,89711978,10,87952221,141157,150871
NM_000314.6(PTEN):c.598T>G (p.Phe200Val),PTEN,Hereditary cancer-predisposing syndrome,"Likely pathogenic(Last reviewed: May 9, 2013)","criteria provided, single submitter",10,89711980,10,87952223,142452,152166
NM_000314.6(PTEN):c.610C>G (p.Pro204Ala),PTEN,Hereditary cancer-predisposing syndrome,"Uncertain significance(Last reviewed: Apr 1, 2015)","criteria provided, single submitter",10,89711992,10,87952235,189415,187370
NM_000314.6(PTEN):c.723T>G (p.Phe241Leu),PTEN,Hereditary cancer-predisposing syndrome,"Uncertain significance(Last reviewed: Dec 13, 2014)","criteria provided, single submitter",10,89717698,10,87957941,428247,419744
NM_000314.6(PTEN):c.752_753delGTinsTG (p.Gly251Val),PTEN,Hereditary cancer-predisposing syndrome,"Uncertain significance(Last reviewed: Nov 8, 2014)","criteria provided, single submitter",10,89717727 - 89717728,10,87957970 - 87957971,428249,419748
NM_000314.6(PTEN):c.761A>C (p.Lys254Thr),PTEN,Hereditary cancer-predisposing syndrome,"Likely pathogenic(Last reviewed: Feb 17, 2015)","criteria provided, single submitter",10,89717736,10,87957979,428207,419750
NM_000314.6(PTEN):c.815A>C (p.His272Pro),PTEN,Hereditary cancer-predisposing syndrome,"Likely pathogenic(Last reviewed: Sep 2, 2016)","criteria provided, single submitter",10,89720664,10,87960907,428223,419754
NM_000314.6(PTEN):c.830C>G (p.Thr277Arg),PTEN,Hereditary cancer-predisposing syndrome,"Likely pathogenic(Last reviewed: Apr 15, 2016)","criteria provided, single submitter",10,89720679,10,87960922,428268,419755
NM_000314.6(PTEN):c.830C>T (p.Thr277Ile),PTEN,Hereditary cancer-predisposing syndrome,"Uncertain significance(Last reviewed: Oct 31, 2014)","criteria provided, single submitter",10,89720679,10,87960922,184277,183046
NM_000314.6(PTEN):c.847C>T (p.Pro283Ser),PTEN,Hereditary cancer-predisposing syndrome,"Uncertain significance(Last reviewed: Apr 3, 2015)","criteria provided, single submitter",10,89720696,10,87960939,231154,233867
NM_000314.6(PTEN):c.865A>G (p.Lys289Glu),PTEN,Hereditary cancer-predisposing syndrome,"Likely pathogenic(Last reviewed: Apr 3, 2014)","criteria provided, single submitter",10,89720714,10,87960957,142912,152626
NM_000314.6(PTEN):c.901G>A (p.Asp301Asn),PTEN,Hereditary cancer-predisposing syndrome,"Uncertain significance(Last reviewed: Sep 13, 2015)","criteria provided, single submitter",10,89720750,10,87960993,233963,233870
NM_000314.6(PTEN):c.906C>G (p.Ser302Arg),PTEN,Hereditary cancer-predisposing syndrome,"Uncertain significance(Last reviewed: Sep 21, 2015)","criteria provided, single submitter",10,89720755,10,87960998,234182,233871
NM_000314.6(PTEN):c.907A>G (p.Ile303Val),PTEN,Hereditary cancer-predisposing syndrome,"Uncertain significance(Last reviewed: Mar 5, 2014)","criteria provided, single submitter",10,89720756,10,87960999,428242,419763
NM_000314.6(PTEN):c.913A>G (p.Ser305Gly),PTEN,Hereditary cancer-predisposing syndrome,"Uncertain significance(Last reviewed: Mar 24, 2015)","criteria provided, single submitter",10,89720762,10,87961005,230819,233873
NM_000314.6(PTEN):c.915T>G (p.Ser305Arg),PTEN,Hereditary cancer-predisposing syndrome,"Uncertain significance(Last reviewed: Jan 16, 2015)","criteria provided, single submitter",10,89720764,10,87961007,230040,233874
NM_000314.6(PTEN):c.919G>C (p.Glu307Gln),PTEN,Hereditary cancer-predisposing syndrome,"Uncertain significance(Last reviewed: Jun 11, 2015)","criteria provided, single submitter",10,89720768,10,87961011,185517,183054
NM_000314.6(PTEN):c.949G>A (p.Val317Ile),PTEN,Hereditary cancer-predisposing syndrome,"Uncertain significance(Last reviewed: Mar 5, 2015)","criteria provided, single submitter",10,89720798,10,87961041,230554,233875
NM_000314.6(PTEN):c.974T>G (p.Leu325Arg),PTEN,Hereditary cancer-predisposing syndrome,"Uncertain significance(Last reviewed: Jan 6, 2015)","criteria provided, single submitter",10,89720823,10,87961066,428251,419769
NM_000314.6(PTEN):c.974T>C (p.Leu325Pro),PTEN,Hereditary cancer-predisposing syndrome,"Uncertain significance(Last reviewed: Mar 6, 2013)","criteria provided, single submitter",10,89720823,10,87961066,428231,419768
NM_000314.6(PTEN):c.1033C>G (p.Leu345Val),PTEN,Hereditary cancer-predisposing syndrome,"Uncertain significance(Last reviewed: Feb 16, 2016)","criteria provided, single submitter",10,89725050,10,87965293,428214,419773
NM_000314.6(PTEN):c.335T>C (p.Leu112Pro),PTEN,Lhermitte-Duclos disease|not provided,"Pathogenic(Last reviewed: Jun 28, 2017)","criteria provided, single submitter",10,89692851,10,87933094,7832,22871
NM_000314.6(PTEN):c.278A>G (p.His93Arg),PTEN,Macrocephaly/autism syndrome,"Pathogenic(Last reviewed: Apr 1, 2005)",no assertion criteria provided,10,89692794,10,87933037,7848,22887
NM_000314.6(PTEN):c.392C>T (p.Thr131Ile),PTEN,Macrocephaly/autism syndrome,"Pathogenic(Last reviewed: Dec 21, 2012)",no assertion criteria provided,10,89692908,10,87933151,39669,48268
NM_000314.6(PTEN):c.500C>A (p.Thr167Asn),PTEN,Macrocephaly/autism syndrome,"Pathogenic(Last reviewed: Dec 21, 2012)",no assertion criteria provided,10,89711882,10,87952125,39668,48267
NM_000314.6(PTEN):c.545T>C (p.Leu182Ser),PTEN,Macrocephaly/autism syndrome,"Pathogenic(Last reviewed: Mar 1, 2015)",no assertion criteria provided,10,89711927,10,87952170,187827,185731
NM_000314.6(PTEN):c.722T>C (p.Phe241Ser),PTEN,Macrocephaly/autism syndrome,"Pathogenic(Last reviewed: Apr 1, 2005)",no assertion criteria provided,10,89717697,10,87957940,7850,22889
NM_000314.6(PTEN):c.740T>C (p.Leu247Ser),PTEN,Macrocephaly/autism syndrome,"Pathogenic(Last reviewed: Nov 1, 2015)",no assertion criteria provided,10,89717715,10,87957958,223142,224868
NM_000314.6(PTEN):c.755A>G (p.Asp252Gly),PTEN,Macrocephaly/autism syndrome,"Pathogenic(Last reviewed: Apr 1, 2005)",no assertion criteria provided,10,89717730,10,87957973,7849,22888
NM_000314.6(PTEN):c.470A>G (p.Glu157Gly),PTEN,Macrocephaly/autism syndrome|PTEN hamartoma tumor syndrome,"Conflicting interpretations of pathogenicity(Last reviewed: Jul 13, 2017)","criteria provided, conflicting interpretations",10,89692986,10,87933229,427593,416944
NM_000314.6(PTEN):c.55G>A (p.Asp19Asn),PTEN,Malignant melanoma,"Pathogenic(Last reviewed: Sep 1, 2000)",no assertion criteria provided,10,89624281,10,87864524,7837,22876
NM_000314.6(PTEN):c.649G>A (p.Val217Ile),PTEN,Malignant melanoma,"Pathogenic(Last reviewed: Sep 1, 2000)",no assertion criteria provided,10,89717624,10,87957867,7838,22877
NM_000314.6(PTEN):c.389G>A (p.Arg130Gln),PTEN,Malignant melanoma of skin|Squamous cell carcinoma of the head and neck|Small cell lung cancer|Kidney cancer|PTEN hamartoma tumor syndrome|Squamous cell carcinoma of lung|Cowden syndrome 1|not provided|Neoplasm of the breast|Glioblastoma|Renal cell carcinoma|Hereditary cancer-predisposing syndrome|Neoplasm|Ovarian Neoplasms|Colorectal Neoplasms|Uterine cervical neoplasms|Adenocarcinoma of stomach|Malignant neoplasm of body of uterus|Adenocarcinoma of prostate|Uterine Carcinosarcoma,"Pathogenic/Likely pathogenic(Last reviewed: Apr 5, 2017)","criteria provided, multiple submitters, no conflicts",10,89692905,10,87933148,7829,22868
NM_000314.6(PTEN):c.389G>C (p.Arg130Pro),PTEN,Malignant melanoma of skin|Squamous cell carcinoma of the head and neck|Small cell lung cancer|Kidney cancer|Squamous cell carcinoma of lung|Neoplasm of the breast|Glioblastoma|Renal cell carcinoma|Hereditary cancer-predisposing syndrome|Colorectal Neoplasms|Uterine cervical neoplasms|Adenocarcinoma of stomach|Malignant neoplasm of body of uterus|Adenocarcinoma of prostate|Uterine Carcinosarcoma,"Likely pathogenic(Last reviewed: May 31, 2016)","criteria provided, single submitter",10,89692905,10,87933148,142018,151732
NM_000314.6(PTEN):c.388C>G (p.Arg130Gly),PTEN,Malignant melanoma of skin|Squamous cell carcinoma of the head and neck|Small cell lung cancer|Kidney cancer|Squamous cell carcinoma of lung|Neoplasm of the breast|Glioblastoma|Renal cell carcinoma|Ovarian Neoplasms|Colorectal Neoplasms|Uterine cervical neoplasms|Adenocarcinoma of stomach|Malignant neoplasm of body of uterus|Adenocarcinoma of prostate|Uterine Carcinosarcoma|Malignant tumor of floor of mouth,"Pathogenic/Likely pathogenic(Last reviewed: May 31, 2016)",no assertion criteria provided,10,89692904,10,87933147,375958,362837
NM_000314.6(PTEN):c.389G>T (p.Arg130Leu),PTEN,Malignant melanoma of skin|Squamous cell carcinoma of the head and neck|Small cell lung cancer|Kidney cancer|Squamous cell carcinoma of lung|not provided|Neoplasm of the breast|Glioblastoma|Renal cell carcinoma|Hereditary cancer-predisposing syndrome|Colorectal Neoplasms|Uterine cervical neoplasms|Adenocarcinoma of stomach|Malignant neoplasm of body of uterus|Adenocarcinoma of prostate|Uterine Carcinosarcoma,"Pathogenic/Likely pathogenic(Last reviewed: May 31, 2016)","criteria provided, multiple submitters, no conflicts",10,89692905,10,87933148,376509,363388
NM_000314.6(PTEN):c.477G>T (p.Arg159Ser),PTEN,Neoplasm of the breast|Colorectal Neoplasms,"Pathogenic(Last reviewed: Oct 2, 2014)",no assertion criteria provided,10,89692993,10,87933236,375959,362838
NM_000314.6(PTEN):c.44G>T (p.Arg15Ile),PTEN,not provided,Uncertain significance,no assertion criteria provided,10,89624270,10,87864513,92824,98731
NM_000314.6(PTEN):c.45A>T (p.Arg15Ser),PTEN,not provided,"Likely pathogenic(Last reviewed: Mar 13, 2017)","criteria provided, single submitter",10,89624271,10,87864514,419769,407979
NM_000314.6(PTEN):c.46T>G (p.Tyr16Asp),PTEN,not provided,"Likely pathogenic(Last reviewed: Dec 23, 2016)","criteria provided, single submitter",10,89624272,10,87864515,422899,407980
NM_000314.6(PTEN):c.70G>T (p.Asp24Tyr),PTEN,not provided,"Pathogenic(Last reviewed: Jul 13, 2016)","criteria provided, single submitter",10,89624296,10,87864539,189398,187324
NM_000314.6(PTEN):c.76A>C (p.Thr26Pro),PTEN,not provided,"Likely pathogenic(Last reviewed: Jan 18, 2016)","criteria provided, single submitter",10,89624302,10,87864545,234410,231782
NM_000314.6(PTEN):c.80A>C (p.Tyr27Ser),PTEN,not provided,"Pathogenic(Last reviewed: Jul 6, 2016)","criteria provided, single submitter",10,89653782,10,87894025,280724,264484
NM_000314.6(PTEN):c.113C>G (p.Pro38Arg),PTEN,not provided,"Likely pathogenic(Last reviewed: Mar 21, 2017)","criteria provided, single submitter",10,89653815,10,87894058,424262,407983
NM_000314.6(PTEN):c.140G>A (p.Arg47Lys),PTEN,not provided,"Likely pathogenic(Last reviewed: Nov 15, 2016)","criteria provided, single submitter",10,89653842,10,87894085,373446,359849
NM_000314.6(PTEN):c.182A>T (p.His61Leu),PTEN,not provided,Uncertain significance,no assertion criteria provided,10,89685287,10,87925530,92814,98721
NM_000314.6(PTEN):c.242T>G (p.Phe81Cys),PTEN,not provided,"Likely pathogenic(Last reviewed: Jan 20, 2016)","criteria provided, single submitter",10,89690835,10,87931078,234710,231784
NM_000314.6(PTEN):c.286C>G (p.Pro96Ala),PTEN,not provided,"Pathogenic(Last reviewed: May 26, 2016)","criteria provided, single submitter",10,89692802,10,87933045,280630,264376
NM_000314.6(PTEN):c.286C>T (p.Pro96Ser),PTEN,not provided,"Conflicting interpretations of pathogenicity(Last reviewed: Jul 26, 2016)","criteria provided, conflicting interpretations",10,89692802,10,87933045,92819,98726
NM_000314.6(PTEN):c.331T>C (p.Trp111Arg),PTEN,not provided,"Likely pathogenic(Last reviewed: Jul 25, 2012)","criteria provided, single submitter",10,89692847,10,87933090,92820,98727
NM_000314.6(PTEN):c.367C>T (p.His123Tyr),PTEN,not provided,"Pathogenic(Last reviewed: Jun 28, 2017)","criteria provided, single submitter",10,89692883,10,87933126,189486,187352
NM_000314.6(PTEN):c.380G>T (p.Gly127Val),PTEN,not provided,Uncertain significance,no assertion criteria provided,10,89692896,10,87933139,92821,98728
NM_000314.6(PTEN):c.385G>A (p.Gly129Arg),PTEN,not provided,"Pathogenic(Last reviewed: Nov 23, 2016)","criteria provided, single submitter",10,89692901,10,87933144,189484,187353
NM_000314.6(PTEN):c.401T>G (p.Met134Arg),PTEN,not provided,"Likely pathogenic(Last reviewed: Apr 14, 2017)","criteria provided, single submitter",10,89692917,10,87933160,431829,425893
NM_000314.6(PTEN):c.463T>A (p.Tyr155Asn),PTEN,not provided,Uncertain significance,no assertion criteria provided,10,89692979,10,87933222,92825,98732
NM_000314.6(PTEN):c.479C>T (p.Thr160Ile),PTEN,not provided,"Likely pathogenic(Last reviewed: Apr 27, 2015)","criteria provided, single submitter",10,89692995,10,87933238,431851,425894
NM_000314.6(PTEN):c.578T>C (p.Leu193Pro),PTEN,not provided,"Pathogenic(Last reviewed: Jun 22, 2017)","criteria provided, single submitter",10,89711960,10,87952203,431875,425896
NM_000314.6(PTEN):c.599T>C (p.Phe200Ser),PTEN,not provided,"Likely pathogenic(Last reviewed: Sep 18, 2015)","criteria provided, single submitter",10,89711981,10,87952224,189414,187368
NM_000314.6(PTEN):c.633C>G (p.Cys211Trp),PTEN,not provided,"Pathogenic(Last reviewed: Feb 14, 2017)","criteria provided, single submitter",10,89712015,10,87952258,279878,264437
NM_000314.6(PTEN):c.804C>A (p.Asp268Glu),PTEN,not provided,not provided,no assertion provided,10,89720653,10,87960896,92834,98741
NM_000314.6(PTEN):c.103A>G (p.Met35Val),PTEN,not provided|Hereditary cancer-predisposing syndrome,"Likely pathogenic(Last reviewed: Mar 7, 2017)","criteria provided, multiple submitters, no conflicts",10,89653805,10,87894048,231916,233842
NM_000314.6(PTEN):c.323T>C (p.Leu108Pro),PTEN,not provided|Hereditary cancer-predisposing syndrome,"Pathogenic/Likely pathogenic(Last reviewed: Dec 1, 2014)","criteria provided, multiple submitters, no conflicts",10,89692839,10,87933082,418436,407990
NM_000314.6(PTEN):c.407G>A (p.Cys136Tyr),PTEN,not provided|Hereditary cancer-predisposing syndrome,"Pathogenic(Last reviewed: Feb 21, 2017)","criteria provided, multiple submitters, no conflicts",10,89692923,10,87933166,189406,187355
NM_000314.6(PTEN):c.737C>T (p.Pro246Leu),PTEN,not provided|Hereditary cancer-predisposing syndrome,"Pathogenic(Last reviewed: Nov 15, 2016)","criteria provided, multiple submitters, no conflicts",10,89717712,10,87957955,142269,151983
NM_000314.6(PTEN):c.-26T>C,PTEN,not specified,"Uncertain significance(Last reviewed: Oct 30, 2014)","criteria provided, single submitter",10,89624201,10,87864444,189456,187318
NM_000314.6(PTEN):c.59G>A (p.Gly20Glu),PTEN,not specified,"Uncertain significance(Last reviewed: Jan 5, 2017)","criteria provided, single submitter",10,89624285,10,87864528,422740,407981
NM_000314.6(PTEN):c.73T>G (p.Leu25Val),PTEN,not specified,"Uncertain significance(Last reviewed: Jul 5, 2013)","criteria provided, single submitter",10,89624299,10,87864542,92826,98733
NM_000314.6(PTEN):c.74T>C (p.Leu25Ser),PTEN,not specified,"Uncertain significance(Last reviewed: Jul 1, 2014)","criteria provided, single submitter",10,89624300,10,87864543,189460,187325
NM_000314.6(PTEN):c.88C>A (p.Pro30Thr),PTEN,not specified,"Uncertain significance(Last reviewed: Nov 20, 2014)","criteria provided, single submitter",10,89653790,10,87894033,195060,192222
NM_000314.6(PTEN):c.95T>C (p.Ile32Thr),PTEN,not specified,"Uncertain significance(Last reviewed: Nov 9, 2016)","criteria provided, single submitter",10,89653797,10,87894040,373288,359848
NM_000314.6(PTEN):c.122G>T (p.Arg41Ile),PTEN,not specified,"Uncertain significance(Last reviewed: Dec 11, 2015)","criteria provided, single submitter",10,89653824,10,87894067,195061,192223
NM_000314.6(PTEN):c.136T>G (p.Tyr46Asp),PTEN,not specified,"Uncertain significance(Last reviewed: Mar 5, 2015)","criteria provided, single submitter",10,89653838,10,87894081,418614,407984
NM_000314.6(PTEN):c.160G>A (p.Val54Ile),PTEN,not specified,"Uncertain significance(Last reviewed: Aug 19, 2014)","criteria provided, single submitter",10,89653862,10,87894105,189464,187335
NM_000314.6(PTEN):c.173A>G (p.Asp58Gly),PTEN,not specified,"Uncertain significance(Last reviewed: May 19, 2017)","criteria provided, single submitter",10,89685278,10,87925521,430284,421808
NM_000314.6(PTEN):c.202T>A (p.Tyr68Asn),PTEN,not specified,"Uncertain significance(Last reviewed: Apr 16, 2015)","criteria provided, single submitter",10,89685307,10,87925550,92815,98722
NM_000314.6(PTEN):c.208C>T (p.Leu70Phe),PTEN,not specified,"Uncertain significance(Last reviewed: Feb 11, 2015)","criteria provided, single submitter",10,89685313,10,87925556,196250,193411
NM_000314.6(PTEN):c.244A>G (p.Asn82Asp),PTEN,not specified,"Uncertain significance(Last reviewed: Feb 16, 2015)","criteria provided, single submitter",10,89690837,10,87931080,418435,407988
NM_000314.6(PTEN):c.358G>A (p.Ala120Thr),PTEN,not specified,"Uncertain significance(Last reviewed: Jun 10, 2014)","criteria provided, single submitter",10,89692874,10,87933117,189485,187350
NM_000314.6(PTEN):c.424C>T (p.Arg142Trp),PTEN,not specified,"Uncertain significance(Last reviewed: Oct 27, 2014)","criteria provided, single submitter",10,89692940,10,87933183,197662,194823
NM_000314.6(PTEN):c.560A>G (p.Asp187Gly),PTEN,not specified,"Uncertain significance(Last reviewed: Jun 12, 2014)","criteria provided, single submitter",10,89711942,10,87952185,189501,187366
NM_000314.6(PTEN):c.571G>C (p.Val191Leu),PTEN,not specified,"Uncertain significance(Last reviewed: Jan 13, 2017)","criteria provided, single submitter",10,89711953,10,87952196,423079,407995
NM_000314.6(PTEN):c.604A>T (p.Thr202Ser),PTEN,not specified,"Uncertain significance(Last reviewed: Jun 3, 2014)","criteria provided, single submitter",10,89711986,10,87952229,189502,187369
NM_000314.6(PTEN):c.664G>A (p.Val222Met),PTEN,not specified,"Uncertain significance(Last reviewed: Jan 12, 2017)","criteria provided, single submitter",10,89717639,10,87957882,385323,371877
NM_000314.6(PTEN):c.730C>T (p.Pro244Ser),PTEN,not specified,"Uncertain significance(Last reviewed: Mar 21, 2016)","criteria provided, single submitter",10,89717705,10,87957948,420743,407998
NM_000314.6(PTEN):c.734A>C (p.Gln245Pro),PTEN,not specified,"Uncertain significance(Last reviewed: Nov 23, 2016)","criteria provided, single submitter",10,89717709,10,87957952,373667,359974
NM_000314.6(PTEN):c.830C>A (p.Thr277Lys),PTEN,not specified,"Uncertain significance(Last reviewed: Apr 17, 2015)","criteria provided, single submitter",10,89720679,10,87960922,92835,98742
NM_000314.6(PTEN):c.869T>C (p.Val290Ala),PTEN,not specified,"Uncertain significance(Last reviewed: Feb 4, 2016)","criteria provided, single submitter",10,89720718,10,87960961,234815,231787
NM_000314.6(PTEN):c.889G>T (p.Asp297Tyr),PTEN,not specified,"Uncertain significance(Last reviewed: Aug 31, 2015)","criteria provided, single submitter",10,89720738,10,87960981,418439,408003
NM_000314.6(PTEN):c.922C>T (p.Arg308Cys),PTEN,not specified,"Uncertain significance(Last reviewed: Sep 22, 2016)","criteria provided, single submitter",10,89720771,10,87961014,420367,408005
NM_000314.6(PTEN):c.947T>C (p.Leu316Pro),PTEN,not specified,"Uncertain significance(Last reviewed: Mar 24, 2017)","criteria provided, single submitter",10,89720796,10,87961039,418653,408007
NM_000314.6(PTEN):c.1025A>C (p.Lys342Thr),PTEN,not specified,"Uncertain significance(Last reviewed: Sep 1, 2015)","criteria provided, single submitter",10,89720874,10,87961117,419745,408008
NM_000314.6(PTEN):c.1026G>C (p.Lys342Asn),PTEN,not specified,"Uncertain significance(Last reviewed: Apr 17, 2015)","criteria provided, single submitter",10,89720875,10,87961118,92811,98718
NM_000314.6(PTEN):c.1190A>G (p.His397Arg),PTEN,not specified,"Uncertain significance(Last reviewed: Oct 28, 2015)","criteria provided, single submitter",10,89725207,10,87965450,234434,231789
NM_000314.6(PTEN):c.1206A>C (p.Lys402Asn),PTEN,not specified,"Uncertain significance(Last reviewed: Dec 1, 2016)","criteria provided, single submitter",10,89725223,10,87965466,422815,408011
NM_000314.6(PTEN):c.64G>C (p.Asp22His),PTEN,not specified|Hereditary cancer-predisposing syndrome,"Uncertain significance(Last reviewed: Apr 4, 2017)","criteria provided, multiple submitters, no conflicts",10,89624290,10,87864533,233456,233840
NM_000314.6(PTEN):c.170T>G (p.Leu57Trp),PTEN,not specified|Hereditary cancer-predisposing syndrome,"Uncertain significance(Last reviewed: Apr 16, 2015)","criteria provided, multiple submitters, no conflicts",10,89685275,10,87925518,185713,183018
NM_000314.6(PTEN):c.190C>T (p.His64Tyr),PTEN,not specified|Hereditary cancer-predisposing syndrome,"Uncertain significance(Last reviewed: Dec 24, 2015)","criteria provided, multiple submitters, no conflicts",10,89685295,10,87925538,141154,150868
NM_000314.6(PTEN):c.304A>C (p.Lys102Gln),PTEN,not specified|Hereditary cancer-predisposing syndrome,"Uncertain significance(Last reviewed: Apr 16, 2015)","criteria provided, multiple submitters, no conflicts",10,89692820,10,87933063,186427,183022
NM_000314.6(PTEN):c.314G>A (p.Cys105Tyr),PTEN,not specified|Hereditary cancer-predisposing syndrome,"Uncertain significance(Last reviewed: Apr 16, 2015)","criteria provided, multiple submitters, no conflicts",10,89692830,10,87933073,142261,151975
NM_000314.6(PTEN):c.349A>C (p.Asn117His),PTEN,not specified|Hereditary cancer-predisposing syndrome,"Uncertain significance(Last reviewed: Oct 11, 2016)","criteria provided, multiple submitters, no conflicts",10,89692865,10,87933108,185588,183025
NM_000314.6(PTEN):c.364A>G (p.Ile122Val),PTEN,not specified|Hereditary cancer-predisposing syndrome,"Uncertain significance(Last reviewed: Apr 16, 2015)","criteria provided, multiple submitters, no conflicts",10,89692880,10,87933123,186161,183026
NM_000314.6(PTEN):c.422A>G (p.His141Arg),PTEN,not specified|Hereditary cancer-predisposing syndrome,"Uncertain significance(Last reviewed: Feb 17, 2017)","criteria provided, multiple submitters, no conflicts",10,89692938,10,87933181,418438,407991
NM_000314.6(PTEN):c.673T>C (p.Tyr225His),PTEN,not specified|Hereditary cancer-predisposing syndrome,"Uncertain significance(Last reviewed: Apr 13, 2016)","criteria provided, multiple submitters, no conflicts",10,89717648,10,87957891,231899,233859
NM_000314.6(PTEN):c.685T>A (p.Ser229Thr),PTEN,not specified|Hereditary cancer-predisposing syndrome,"Uncertain significance(Last reviewed: Jul 2, 2015)","criteria provided, multiple submitters, no conflicts",10,89717660,10,87957903,141771,151485
NM_000314.6(PTEN):c.715A>G (p.Met239Val),PTEN,not specified|Hereditary cancer-predisposing syndrome,"Uncertain significance(Last reviewed: Apr 17, 2015)","criteria provided, multiple submitters, no conflicts",10,89717690,10,87957933,184878,183042
NM_000314.6(PTEN):c.886T>C (p.Cys296Arg),PTEN,not specified|Hereditary cancer-predisposing syndrome,"Uncertain significance(Last reviewed: Jun 22, 2015)","criteria provided, multiple submitters, no conflicts",10,89720735,10,87960978,185480,183050
NM_000314.6(PTEN):c.923G>A (p.Arg308His),PTEN,not specified|Hereditary cancer-predisposing syndrome,"Uncertain significance(Last reviewed: Sep 12, 2016)","criteria provided, multiple submitters, no conflicts",10,89720772,10,87961015,184506,183055
NM_000314.6(PTEN):c.1018A>G (p.Asn340Asp),PTEN,not specified|Hereditary cancer-predisposing syndrome,"Uncertain significance(Last reviewed: Apr 17, 2015)","criteria provided, multiple submitters, no conflicts",10,89720867,10,87961110,185586,183059
NM_000314.6(PTEN):c.1104T>A (p.Asp368Glu),PTEN,not specified|Hereditary cancer-predisposing syndrome,"Uncertain significance(Last reviewed: Apr 17, 2015)","criteria provided, multiple submitters, no conflicts",10,89725121,10,87965364,185298,183062
NM_000314.6(PTEN):c.1105G>A (p.Val369Ile),PTEN,not specified|Hereditary cancer-predisposing syndrome,"Uncertain significance(Last reviewed: Jan 12, 2017)","criteria provided, multiple submitters, no conflicts",10,89725122,10,87965365,142088,151802
NM_000314.6(PTEN):c.1171C>T (p.Pro391Ser),PTEN,not specified|Hereditary cancer-predisposing syndrome,"Uncertain significance(Last reviewed: May 5, 2017)","criteria provided, multiple submitters, no conflicts",10,89725188,10,87965431,187673,183064
NM_000314.6(PTEN):c.700C>T (p.Arg234Trp),PTEN,not specified|Hereditary cancer-predisposing syndrome|Neoplasm,"Conflicting interpretations of pathogenicity(Last reviewed: Dec 21, 2016)","criteria provided, conflicting interpretations",10,89717675,10,87957918,184844,183040
NM_000314.6(PTEN):c.395G>A (p.Gly132Asp),PTEN,not specified|not provided,"Conflicting interpretations of pathogenicity(Last reviewed: May 31, 2016)","criteria provided, conflicting interpretations",10,89692911,10,87933154,92822,98729
NM_000314.6(PTEN):c.-461G>A,PTEN,PTEN hamartoma tumor syndrome,"Uncertain significance(Last reviewed: Jun 14, 2016)","criteria provided, single submitter",10,89623765,10,87864008,301410,323701
NM_000314.6(PTEN):c.-458G>T,PTEN,PTEN hamartoma tumor syndrome,"Uncertain significance(Last reviewed: Jun 14, 2016)","criteria provided, single submitter",10,89623768,10,87864011,301411,311521
NM_000314.6(PTEN):c.-425G>T,PTEN,PTEN hamartoma tumor syndrome,"Uncertain significance(Last reviewed: Jun 14, 2016)","criteria provided, single submitter",10,89623801,10,87864044,301412,311523
NM_000314.6(PTEN):c.-284C>T,PTEN,PTEN hamartoma tumor syndrome,"Likely benign(Last reviewed: Jun 14, 2016)","criteria provided, single submitter",10,89623943,10,87864186,301415,323704
NM_000314.6(PTEN):c.-246C>T,PTEN,PTEN hamartoma tumor syndrome,"Uncertain significance(Last reviewed: Jun 14, 2016)","criteria provided, single submitter",10,89623981,10,87864224,301416,317104
NM_000314.6(PTEN):c.-165C>G,PTEN,PTEN hamartoma tumor syndrome,"Likely benign(Last reviewed: Jun 14, 2016)","criteria provided, single submitter",10,89624062,10,87864305,301418,323705
NM_000314.6(PTEN):c.-152A>G,PTEN,PTEN hamartoma tumor syndrome,"Likely benign(Last reviewed: Jun 14, 2016)","criteria provided, single submitter",10,89624075,10,87864318,301419,317105
NM_000314.6(PTEN):c.-111G>T,PTEN,PTEN hamartoma tumor syndrome,"Uncertain significance(Last reviewed: Jun 14, 2016)","criteria provided, single submitter",10,89624116,10,87864359,301421,311528
NM_000314.6(PTEN):c.13A>G (p.Ile5Val),PTEN,PTEN hamartoma tumor syndrome,"Uncertain significance(Last reviewed: Aug 30, 2016)","criteria provided, single submitter",10,89624239,10,87864482,404139,397677
NM_000314.6(PTEN):c.35A>C (p.Asn12Thr),PTEN,PTEN hamartoma tumor syndrome,"Pathogenic(Last reviewed: Mar 1, 2017)","criteria provided, single submitter",10,89624261,10,87864504,427586,416933
NM_000314.6(PTEN):c.80A>G (p.Tyr27Cys),PTEN,PTEN hamartoma tumor syndrome,"Uncertain significance(Last reviewed: Nov 12, 2016)","criteria provided, single submitter",10,89653782,10,87894025,404160,398044
NM_000314.6(PTEN):c.131G>A (p.Gly44Asp),PTEN,PTEN hamartoma tumor syndrome,"Pathogenic(Last reviewed: Mar 1, 2017)","criteria provided, single submitter",10,89653833,10,87894076,427582,416935
NM_000314.6(PTEN):c.175T>C (p.Ser59Pro),PTEN,PTEN hamartoma tumor syndrome,"Uncertain significance(Last reviewed: Dec 22, 2016)","criteria provided, single submitter",10,89685280,10,87925523,404153,397927
NM_000314.6(PTEN):c.235G>T (p.Ala79Ser),PTEN,PTEN hamartoma tumor syndrome,"Uncertain significance(Last reviewed: Nov 22, 2016)","criteria provided, single submitter",10,89690828,10,87931071,404155,397685
NM_000314.6(PTEN):c.284C>T (p.Pro95Leu),PTEN,PTEN hamartoma tumor syndrome,"Pathogenic(Last reviewed: Mar 1, 2017)","criteria provided, single submitter",10,89692800,10,87933043,189403,187345
NM_000314.6(PTEN):c.293T>G (p.Leu98Arg),PTEN,PTEN hamartoma tumor syndrome,"Uncertain significance(Last reviewed: Apr 15, 2016)","criteria provided, single submitter",10,89692809,10,87933052,404143,397689
NM_000314.6(PTEN):c.308C>G (p.Pro103Arg),PTEN,PTEN hamartoma tumor syndrome,"Uncertain significance(Last reviewed: Oct 13, 2016)","criteria provided, single submitter",10,89692824,10,87933067,404141,398048
NM_000314.6(PTEN):c.338G>T (p.Ser113Ile),PTEN,PTEN hamartoma tumor syndrome,"Pathogenic(Last reviewed: Aug 1, 2012)",no assertion criteria provided,10,89692854,10,87933097,139567,143197
NM_000314.6(PTEN):c.369C>G (p.His123Gln),PTEN,PTEN hamartoma tumor syndrome,"Pathogenic(Last reviewed: Mar 1, 2017)","criteria provided, single submitter",10,89692885,10,87933128,427587,416940
NM_000314.6(PTEN):c.401T>C (p.Met134Thr),PTEN,PTEN hamartoma tumor syndrome,"Pathogenic(Last reviewed: Mar 1, 2017)","criteria provided, single submitter",10,89692917,10,87933160,427588,416941
NM_000314.6(PTEN):c.409_411delGCAinsTTT (p.Ala137Phe),PTEN,PTEN hamartoma tumor syndrome,"Uncertain significance(Last reviewed: Mar 4, 2016)","criteria provided, single submitter",10,89692925 - 89692927,10,87933168 - 87933170,237645,240875
NM_000314.6(PTEN):c.421C>G (p.His141Asp),PTEN,PTEN hamartoma tumor syndrome,"Uncertain significance(Last reviewed: Nov 4, 2016)","criteria provided, single submitter",10,89692937,10,87933180,404171,398050
NM_000314.6(PTEN):c.425G>A (p.Arg142Gln),PTEN,PTEN hamartoma tumor syndrome,"Uncertain significance(Last reviewed: Dec 20, 2015)","criteria provided, single submitter",10,89692941,10,87933184,237646,240876
NM_000314.6(PTEN):c.457G>A (p.Asp153Asn),PTEN,PTEN hamartoma tumor syndrome,"Uncertain significance(Last reviewed: Nov 17, 2016)","criteria provided, single submitter",10,89692973,10,87933216,404159,398053
NM_000314.6(PTEN):c.478A>C (p.Thr160Pro),PTEN,PTEN hamartoma tumor syndrome,"Uncertain significance(Last reviewed: Jan 12, 2017)","criteria provided, single submitter",10,89692994,10,87933237,404170,397937
NM_000314.6(PTEN):c.517C>A (p.Arg173Ser),PTEN,PTEN hamartoma tumor syndrome,"Uncertain significance(Last reviewed: Dec 14, 2016)","criteria provided, single submitter",10,89711899,10,87952142,404142,398061
NM_000314.6(PTEN):c.533A>G (p.Tyr178Cys),PTEN,PTEN hamartoma tumor syndrome,"Uncertain significance(Last reviewed: Apr 14, 2016)","criteria provided, single submitter",10,89711915,10,87952158,189413,187364
NM_000314.6(PTEN):c.571G>T (p.Val191Leu),PTEN,PTEN hamartoma tumor syndrome,"Uncertain significance(Last reviewed: Oct 31, 2016)","criteria provided, single submitter",10,89711953,10,87952196,404173,397492
NM_000314.6(PTEN):c.596T>A (p.Met199Lys),PTEN,PTEN hamartoma tumor syndrome,"Uncertain significance(Last reviewed: Mar 3, 2016)","criteria provided, single submitter",10,89711978,10,87952221,237651,240879
NM_000314.6(PTEN):c.605C>T (p.Thr202Ile),PTEN,PTEN hamartoma tumor syndrome,"Pathogenic(Last reviewed: Mar 1, 2017)","criteria provided, single submitter",10,89711987,10,87952230,427595,416946
NM_000314.6(PTEN):c.613A>G (p.Met205Val),PTEN,PTEN hamartoma tumor syndrome,"Uncertain significance(Last reviewed: Sep 29, 2016)","criteria provided, single submitter",10,89711995,10,87952238,404146,398063
NM_000314.6(PTEN):c.650T>G (p.Val217Gly),PTEN,PTEN hamartoma tumor syndrome,"Uncertain significance(Last reviewed: Nov 10, 2016)","criteria provided, single submitter",10,89717625,10,87957868,404152,397693
NM_000314.6(PTEN):c.664G>T (p.Val222Leu),PTEN,PTEN hamartoma tumor syndrome,"Uncertain significance(Last reviewed: Mar 18, 2016)","criteria provided, single submitter",10,89717639,10,87957882,237652,240880
NM_000314.6(PTEN):c.779A>G (p.Lys260Arg),PTEN,PTEN hamartoma tumor syndrome,"Uncertain significance(Last reviewed: Jul 20, 2016)","criteria provided, single submitter",10,89717754,10,87957997,404167,397714
NM_000314.6(PTEN):c.821G>T (p.Trp274Leu),PTEN,PTEN hamartoma tumor syndrome,"Pathogenic(Last reviewed: Mar 1, 2017)","criteria provided, single submitter",10,89720670,10,87960913,427600,416952
NM_000314.6(PTEN):c.887G>A (p.Cys296Tyr),PTEN,PTEN hamartoma tumor syndrome,"Uncertain significance(Last reviewed: May 18, 2016)","criteria provided, single submitter",10,89720736,10,87960979,404163,397954
NM_000314.6(PTEN):c.889G>C (p.Asp297His),PTEN,PTEN hamartoma tumor syndrome,"Uncertain significance(Last reviewed: Dec 22, 2016)","criteria provided, single submitter",10,89720738,10,87960981,404172,397520
NM_000314.6(PTEN):c.934G>A (p.Asp312Asn),PTEN,PTEN hamartoma tumor syndrome,"Uncertain significance(Last reviewed: Mar 10, 2016)","criteria provided, single submitter",10,89720783,10,87961026,237656,240885
NM_000314.6(PTEN):c.935A>G (p.Asp312Gly),PTEN,PTEN hamartoma tumor syndrome,"Uncertain significance(Last reviewed: Jan 18, 2017)","criteria provided, single submitter",10,89720784,10,87961027,216423,212825
NM_000314.6(PTEN):c.1004G>A (p.Arg335Gln),PTEN,PTEN hamartoma tumor syndrome,"Pathogenic(Last reviewed: Mar 1, 2017)","criteria provided, single submitter",10,89720853,10,87961096,427580,416953
NM_000314.6(PTEN):c.1027G>A (p.Val343Met),PTEN,PTEN hamartoma tumor syndrome,"Uncertain significance(Last reviewed: Sep 26, 2016)","criteria provided, single submitter",10,89725044,10,87965287,404161,398084
NM_000314.6(PTEN):c.1058A>G (p.Glu353Gly),PTEN,PTEN hamartoma tumor syndrome,"Uncertain significance(Last reviewed: Dec 16, 2015)","criteria provided, single submitter",10,89725075,10,87965318,237638,240888
NM_000314.6(PTEN):c.1075G>T (p.Ala359Ser),PTEN,PTEN hamartoma tumor syndrome,"Uncertain significance(Last reviewed: Oct 15, 2015)","criteria provided, single submitter",10,89725092,10,87965335,220596,222005
NM_000314.6(PTEN):c.1079G>C (p.Ser360Thr),PTEN,PTEN hamartoma tumor syndrome,"Uncertain significance(Last reviewed: Oct 31, 2016)","criteria provided, single submitter",10,89725096,10,87965339,404169,397524
NM_000314.6(PTEN):c.1198A>G (p.Ile400Val),PTEN,PTEN hamartoma tumor syndrome,"Uncertain significance(Last reviewed: Jan 26, 2015)","criteria provided, single submitter",10,89725215,10,87965458,216420,212826
NM_000314.6(PTEN):c.406T>C (p.Cys136Arg),PTEN,PTEN hamartoma tumor syndrome|Acute megakaryoblastic leukemia|not provided|Hereditary cancer-predisposing syndrome|Mediastinal germ cell tumor,"Pathogenic(Last reviewed: Jun 9, 2017)","criteria provided, multiple submitters, no conflicts",10,89692922,10,87933165,183726,183028
NM_000314.6(PTEN):c.386G>A (p.Gly129Glu),PTEN,PTEN hamartoma tumor syndrome|Cowden syndrome 1|not provided,"Pathogenic(Last reviewed: Mar 1, 2017)","criteria provided, multiple submitters, no conflicts",10,89692902,10,87933145,7812,22851
NM_000314.6(PTEN):c.-9C>G,PTEN,PTEN hamartoma tumor syndrome|Cowden syndrome 1|not specified|Hereditary cancer-predisposing syndrome,"Benign/Likely benign(Last reviewed: Jun 14, 2016)","criteria provided, multiple submitters, no conflicts",10,89624218,10,87864461,92808,98715
NM_000314.6(PTEN):c.882T>G (p.Ser294Arg),PTEN,PTEN hamartoma tumor syndrome|Cowden syndrome 1|not specified|Hereditary cancer-predisposing syndrome,"Uncertain significance(Last reviewed: Jun 21, 2017)","criteria provided, multiple submitters, no conflicts",10,89720731,10,87960974,127693,133150
NM_000314.6(PTEN):c.892C>G (p.Gln298Glu),PTEN,PTEN hamartoma tumor syndrome|Cowden syndrome 1|not specified|Hereditary cancer-predisposing syndrome,"Uncertain significance(Last reviewed: Dec 19, 2016)","criteria provided, multiple submitters, no conflicts",10,89720741,10,87960984,127695,133152
NM_000314.6(PTEN):c.1078A>G (p.Ser360Gly),PTEN,PTEN hamartoma tumor syndrome|Cowden syndrome 1|not specified|Hereditary cancer-predisposing syndrome,"Uncertain significance(Last reviewed: May 2, 2017)","criteria provided, multiple submitters, no conflicts",10,89725095,10,87965338,140777,150491
NM_000314.6(PTEN):c.1061C>A (p.Pro354Gln),PTEN,PTEN hamartoma tumor syndrome|Cowden syndrome 1|not specified|Hereditary cancer-predisposing syndrome|Inborn genetic diseases,"Conflicting interpretations of pathogenicity(Last reviewed: May 4, 2017)","criteria provided, conflicting interpretations",10,89725078,10,87965321,143020,152734
NM_000314.6(PTEN):c.235G>A (p.Ala79Thr),PTEN,PTEN hamartoma tumor syndrome|Cowden syndrome 1|not specified|not provided|Hereditary cancer-predisposing syndrome,"Uncertain significance(Last reviewed: Jun 7, 2017)","criteria provided, multiple submitters, no conflicts",10,89690828,10,87931071,41682,50121
NM_000314.6(PTEN):c.698G>A (p.Arg233Gln),PTEN,PTEN hamartoma tumor syndrome|Glioblastoma|Transitional cell carcinoma of the bladder|Colorectal Neoplasms|Uterine cervical neoplasms|Adenocarcinoma of stomach|Malignant neoplasm of body of uterus|Adenocarcinoma of prostate|Uterine Carcinosarcoma,"Conflicting interpretations of pathogenicity(Last reviewed: Jul 12, 2016)","criteria provided, conflicting interpretations",10,89717673,10,87957916,376510,363389
NM_000314.6(PTEN):c.71A>G (p.Asp24Gly),PTEN,PTEN hamartoma tumor syndrome|Hereditary cancer-predisposing syndrome,"Pathogenic(Last reviewed: Oct 25, 2016)","criteria provided, multiple submitters, no conflicts",10,89624297,10,87864540,208723,205265
NM_000314.6(PTEN):c.182A>G (p.His61Arg),PTEN,PTEN hamartoma tumor syndrome|Hereditary cancer-predisposing syndrome,"Pathogenic/Likely pathogenic(Last reviewed: Mar 1, 2017)","criteria provided, multiple submitters, no conflicts",10,89685287,10,87925530,189402,187337
NM_000314.6(PTEN):c.371G>A (p.Cys124Tyr),PTEN,PTEN hamartoma tumor syndrome|Hereditary cancer-predisposing syndrome,"Likely pathogenic(Last reviewed: Oct 5, 2016)","criteria provided, multiple submitters, no conflicts",10,89692887,10,87933130,233631,233851
NM_000314.6(PTEN):c.422A>C (p.His141Pro),PTEN,PTEN hamartoma tumor syndrome|Hereditary cancer-predisposing syndrome,"Uncertain significance(Last reviewed: May 12, 2015)","criteria provided, multiple submitters, no conflicts",10,89692938,10,87933181,216422,212817
NM_000314.6(PTEN):c.464A>G (p.Tyr155Cys),PTEN,PTEN hamartoma tumor syndrome|Hereditary cancer-predisposing syndrome,"Likely pathogenic(Last reviewed: Aug 27, 2016)","criteria provided, multiple submitters, no conflicts",10,89692980,10,87933223,404168,398057
NM_000314.6(PTEN):c.908T>G (p.Ile303Ser),PTEN,PTEN hamartoma tumor syndrome|Hereditary cancer-predisposing syndrome,"Uncertain significance(Last reviewed: Nov 25, 2016)","criteria provided, multiple submitters, no conflicts",10,89720757,10,87961000,230633,233872
NM_000314.6(PTEN):c.1066A>G (p.Asn356Asp),PTEN,PTEN hamartoma tumor syndrome|Hereditary cancer-predisposing syndrome,"Uncertain significance(Last reviewed: Oct 24, 2016)","criteria provided, multiple submitters, no conflicts",10,89725083,10,87965326,142263,151977
NM_000314.6(PTEN):c.1074G>C (p.Glu358Asp),PTEN,PTEN hamartoma tumor syndrome|Hereditary cancer-predisposing syndrome,"Uncertain significance(Last reviewed: Jan 9, 2016)","criteria provided, multiple submitters, no conflicts",10,89725091,10,87965334,231962,233879
NM_000314.6(PTEN):c.1130A>T (p.Tyr377Phe),PTEN,PTEN hamartoma tumor syndrome|Hereditary cancer-predisposing syndrome,"Uncertain significance(Last reviewed: Dec 8, 2016)","criteria provided, multiple submitters, no conflicts",10,89725147,10,87965390,186450,183063
NM_000314.6(PTEN):c.40A>G (p.Arg14Gly),PTEN,PTEN hamartoma tumor syndrome|not provided,"Pathogenic(Last reviewed: Mar 1, 2017)","criteria provided, single submitter",10,89624266,10,87864509,427589,416934
NM_000314.6(PTEN):c.44G>A (p.Arg15Lys),PTEN,PTEN hamartoma tumor syndrome|not provided,"Conflicting interpretations of pathogenicity(Last reviewed: Mar 13, 2017)","criteria provided, conflicting interpretations",10,89624270,10,87864513,404147,397912
NM_000314.6(PTEN):c.320A>T (p.Asp107Val),PTEN,PTEN hamartoma tumor syndrome|not provided,"Pathogenic(Last reviewed: Mar 1, 2017)","criteria provided, multiple submitters, no conflicts",10,89692836,10,87933079,372481,359885
NM_000314.6(PTEN):c.379G>A (p.Gly127Arg),PTEN,PTEN hamartoma tumor syndrome|not provided,"Pathogenic/Likely pathogenic(Last reviewed: Nov 8, 2016)","criteria provided, single submitter",10,89692895,10,87933138,139568,143198
NM_000314.6(PTEN):c.395G>T (p.Gly132Val),PTEN,PTEN hamartoma tumor syndrome|not provided|Hereditary cancer-predisposing syndrome,"Pathogenic/Likely pathogenic(Last reviewed: Mar 24, 2017)","criteria provided, multiple submitters, no conflicts",10,89692911,10,87933154,7852,22891
NM_000314.6(PTEN):c.518G>A (p.Arg173His),PTEN,PTEN hamartoma tumor syndrome|not provided|Neoplasm of brain,"Pathogenic/Likely pathogenic(Last reviewed: Mar 1, 2017)","criteria provided, multiple submitters, no conflicts",10,89711900,10,87952143,376032,362911
NM_000314.6(PTEN):c.517C>T (p.Arg173Cys),PTEN,PTEN hamartoma tumor syndrome|not provided|Neoplasm of brain|Hereditary cancer-predisposing syndrome,"Pathogenic/Likely pathogenic(Last reviewed: Mar 14, 2017)","criteria provided, multiple submitters, no conflicts",10,89711899,10,87952142,189500,187363
NM_000314.6(PTEN):c.206A>G (p.Asn69Ser),PTEN,PTEN hamartoma tumor syndrome|not specified,"Uncertain significance(Last reviewed: Sep 21, 2016)","criteria provided, multiple submitters, no conflicts",10,89685311,10,87925554,189476,187339
NM_000314.6(PTEN):c.350A>G (p.Asn117Ser),PTEN,PTEN hamartoma tumor syndrome|not specified,"Uncertain significance(Last reviewed: Oct 14, 2016)","criteria provided, multiple submitters, no conflicts",10,89692866,10,87933109,216421,212816
NM_000314.6(PTEN):c.521A>G (p.Tyr174Cys),PTEN,PTEN hamartoma tumor syndrome|not specified,"Uncertain significance(Last reviewed: Mar 21, 2016)","criteria provided, multiple submitters, no conflicts",10,89711903,10,87952146,220007,222000
NM_000314.6(PTEN):c.683A>G (p.Asn228Ser),PTEN,PTEN hamartoma tumor syndrome|not specified,"Uncertain significance(Last reviewed: Sep 19, 2016)","criteria provided, multiple submitters, no conflicts",10,89717658,10,87957901,404154,398076
NM_000314.6(PTEN):c.1018A>C (p.Asn340His),PTEN,PTEN hamartoma tumor syndrome|not specified,"Uncertain significance(Last reviewed: May 12, 2016)","criteria provided, multiple submitters, no conflicts",10,89720867,10,87961110,189510,187387
NM_000314.6(PTEN):c.1066A>T (p.Asn356Tyr),PTEN,PTEN hamartoma tumor syndrome|not specified,"Uncertain significance(Last reviewed: Dec 14, 2016)","criteria provided, multiple submitters, no conflicts",10,89725083,10,87965326,189397,187389
NM_000314.6(PTEN):c.1069C>A (p.Pro357Thr),PTEN,PTEN hamartoma tumor syndrome|not specified,"Uncertain significance(Last reviewed: Sep 20, 2016)","criteria provided, multiple submitters, no conflicts",10,89725086,10,87965329,234861,231792
NM_000314.6(PTEN):c.1093G>A (p.Val365Ile),PTEN,PTEN hamartoma tumor syndrome|not specified,"Uncertain significance(Last reviewed: Nov 21, 2015)","criteria provided, multiple submitters, no conflicts",10,89725110,10,87965353,237639,240889
NM_000314.6(PTEN):c.841C>G (p.Pro281Ala),PTEN,PTEN hamartoma tumor syndrome|not specified|Hereditary cancer-predisposing syndrome,"Uncertain significance(Last reviewed: Aug 9, 2016)","criteria provided, multiple submitters, no conflicts",10,89720690,10,87960933,184466,183047
NM_000314.6(PTEN):c.914G>A (p.Ser305Asn),PTEN,PTEN hamartoma tumor syndrome|not specified|Hereditary cancer-predisposing syndrome,"Uncertain significance(Last reviewed: Mar 3, 2017)","criteria provided, multiple submitters, no conflicts",10,89720763,10,87961006,127696,133153
NM_000314.6(PTEN):c.916A>G (p.Ile306Val),PTEN,PTEN hamartoma tumor syndrome|not specified|Hereditary cancer-predisposing syndrome,"Uncertain significance(Last reviewed: Oct 14, 2015)","criteria provided, multiple submitters, no conflicts",10,89720765,10,87961008,187604,183053
NM_000314.6(PTEN):c.1061C>T (p.Pro354Leu),PTEN,PTEN hamartoma tumor syndrome|not specified|Hereditary cancer-predisposing syndrome,"Uncertain significance(Last reviewed: Jun 25, 2016)","criteria provided, multiple submitters, no conflicts",10,89725078,10,87965321,142212,151926
NM_000314.6(PTEN):c.527A>G (p.Tyr176Cys),PTEN,PTEN hamartoma tumor syndrome|Tumor susceptibility linked to germline BAP1 mutations|not specified,"Uncertain significance(Last reviewed: Jun 17, 2016)","criteria provided, multiple submitters, no conflicts",10,89711909,10,87952152,185585,183037
NM_000314.6(PTEN):c.362C>G (p.Ala121Gly),PTEN,Squamous cell carcinoma of the head and neck,"Pathogenic(Last reviewed: Jan 1, 2002)",no assertion criteria provided,10,89692878,10,87933121,7842,22881
NM_000314.6(PTEN):c.181C>G (p.His61Asp),PTEN,Vater association with macrocephaly and ventriculomegaly,"Pathogenic(Last reviewed: Dec 1, 2001)",no assertion criteria provided,10,89685286,10,87925529,7841,22880
