gene_symbol,mut_id,mut_coding,mut_protein,mut_effect,rep_patients
KCNE1,157,c.23C>T,p.A8V,missense,1/2500
KCNE1,158,c.29C>T,p.T10M,missense,3/2500
KCNE1,160,c.83C>T,p.S28L,missense,2/2500
KCNE1,161,c.95G>A,p.R32H,missense,1/2500
KCNE1,172,c.163G>A,p.G55S,missense,1/2500
KCNE1,173,c.172A>C,p.T58P,missense,2/2500
KCNE1,174,c.176T>C,p.L59P,missense,2/2500
KCNE1,175,c.199C>T,p.R67C,missense,1/2500
KCNE1,176,c.200G>A,p.R67H,missense,1/2500
KCNE1,179,c.209A>T,p.K70M,missense,1/2500
KCNE1,183,c.226G>A,p.D76N,missense,9/2500
KCNE1,187,c.247G>A,p.E83K,missense,1/2500
KCNE1,192,c.374C>T,p.T125M,missense,1/2500
KCNE2,198,c.40G>A,p.V14I,missense,1/2500
KCNE2,199,c.59T>A,p.I20N,missense,1/2500
KCNE2,201,c.80G>A,p.R27H,missense,1/2500
KCNE2,202,c.161T>C,p.M54T,missense,3/2500
KCNE2,204,c.170T>C,p.I57T,missense,2/2500
KCNE2,206,c.193G>C,p.V65L,missense,1/2500
KCNE2,209,c.230G>A,p.R77Q,missense,2/2500
KCNE2,212,c.281A>G,p.E94G,missense,1/2500
KCNH2,214,c.47A>C,p.D16A,missense,1/2500
KCNH2,215,c.58C>G,p.R20G,missense,1/2500
KCNH2,220,c.87C>A,p.F29L,missense,1/2500
KCNH2,222,c.89T>C,p.I30T,missense,1/2500
KCNH2,225,c.94G>A,p.A32T,missense,1/2500
KCNH2,228,c.121G>T,p.V41F,missense,1/2500
KCNH2,235,c.133A>T,p.N45Y,missense,1/2500
KCNH2,239,c.158G>A,p.G53D,missense,1/2500
KCNH2,242,c.160T>C,p.Y54H,missense,1/2500
KCNH2,245,c.169G>C,p.A57P,missense,1/2500
KCNH2,251,c.192C>G,p.C64W,missense,1/2500
KCNH2,257,c.208C>A,p.H70N,missense,1/2500
KCNH2,258,c.209A>G,p.H70R,missense,4/2500
KCNH2,260,c.215C>T,p.P72L,missense,1/2500
KCNH2,261,c.215C>A,p.P72Q,missense,10/2500
KCNH2,263,c.221C>T,p.T74M,missense,1/2500
KCNH2,264,c.220A>C,p.T74P,missense,1/2500
KCNH2,265,c.221C>G,p.T74R,missense,1/2500
KCNH2,270,c.254C>T,p.A85V,missense,1/2500
KCNH2,271,c.257T>C,p.L86P,missense,1/2500
KCNH2,274,c.281T>G,p.V94G,missense,1/2500
KCNH2,279,c.299G>A,p.R100Q,missense,1/2500
KCNH2,280,c.298C>T,p.R100W,missense,2/2500
KCNH2,282,c.305A>C,p.D102A,missense,1/2500
KCNH2,285,c.317T>A,p.F106Y,missense,1/2500
KCNH2,286,c.322T>C,p.C108R,missense,1/2500
KCNH2,289,c.340C>T,p.P114S,missense,1/2500
KCNH2,293,c.374T>G,p.F125C,missense,1/2500
KCNH2,296,c.422C>T,p.P141L,missense,2/2500
KCNH2,298,c.446G>C,p.G149A,missense,1/2500
KCNH2,299,c.491G>A,p.R164H,missense,2/2500
KCNH2,306,c.652A>G,p.M218V,missense,1/2500
KCNH2,310,c.724C>G,p.R242G,missense,1/2500
KCNH2,316,c.775G>A,p.D259N,missense,1/2500
KCNH2,320,c.830C>A,p.A277D,missense,1/2500
KCNH2,323,c.872T>C,p.M291T,missense,2/2500
KCNH2,325,c.902G>T,p.R301L,missense,1/2500
KCNH2,328,c.934C>T,p.R312C,missense,1/2500
KCNH2,329,c.940G>A,p.G314S,missense,1/2500
KCNH2,331,c.967G>A,p.D323N,missense,1/2500
KCNH2,332,c.982C>T,p.R328C,missense,4/2500
KCNH2,339,c.1205A>G,p.H402R,missense,1/2500
KCNH2,343,c.1262C>T,p.T421M,missense,1/2500
KCNH2,346,c.1280A>G,p.Y427C,missense,1/2500
KCNH2,351,c.1293C>A,p.F431L,missense,1/2500
KCNH2,353,c.1319C>T,p.P440L,missense,1/2500
KCNH2,355,c.1352C>T,p.P451L,missense,1/2500
KCNH2,359,c.1396G>T,p.D466Y,missense,1/2500
KCNH2,361,c.1418C>A,p.T473N,missense,1/2500
KCNH2,364,c.1424A>G,p.Y475C,missense,1/2500
KCNH2,365,c.1426G>A,p.V476I,missense,1/2500
KCNH2,368,c.1468G>A,p.A490T,missense,1/2500
KCNH2,370,c.1478A>G,p.Y493C,missense,2/2500
KCNH2,372,c.1478A>C,p.Y493S,missense,1/2500
KCNH2,375,c.1501G>A,p.D501N,missense,2/2500
KCNH2,381,c.1591C>T,p.R531W,missense,2/2500
KCNH2,382,c.1600C>T,p.R534C,missense,4/2500
KCNH2,383,c.1601G>T,p.R534L,missense,1/2500
KCNH2,385,c.1655T>C,p.L552S,missense,2/2500
KCNH2,386,c.1673C>A,p.A558E,missense,1/2500
KCNH2,390,c.1681G>A,p.A561T,missense,1/2500
KCNH2,391,c.1682C>T,p.A561V,missense,6/2500
KCNH2,393,c.1685A>G,p.H562R,missense,2/2500
KCNH2,397,c.1693G>A,p.A565T,missense,1/2500
KCNH2,407,c.1715G>A,p.G572D,missense,1/2500
KCNH2,409,c.1714G>A,p.G572S,missense,2/2500
KCNH2,410,c.1715G>T,p.G572V,missense,1/2500
KCNH2,414,c.1744C>T,p.R582C,missense,1/2500
KCNH2,418,c.1750G>C,p.G584R,missense,1/2500
KCNH2,419,c.1750G>A,p.G584S,missense,4/2500
KCNH2,421,c.1755G>T,p.W585C,missense,1/2500
KCNH2,426,c.1778T>A,p.I593K,missense,1/2500
KCNH2,430,c.1781G>A,p.G594D,missense,2/2500
KCNH2,433,c.1787C>A,p.P596H,missense,1/2500
KCNH2,436,c.1790A>G,p.Y597C,missense,1/2500
KCNH2,437,c.1797C>A,p.S599R,missense,1/2500
KCNH2,438,c.1801G>T,p.G601C,missense,1/2500
KCNH2,439,c.1801G>A,p.G601S,missense,2/2500
KCNH2,441,c.1810G>A,p.G604S,missense,2/2500
KCNH2,442,c.1814C>T,p.P605L,missense,1/2500
KCNH2,443,c.1813C>T,p.P605S,missense,1/2500
KCNH2,445,c.1826A>G,p.D609G,missense,1/2500
KCNH2,452,c.1838C>T,p.T613M,missense,7/2500
KCNH2,453,c.1841C>T,p.A614V,missense,6/2500
KCNH2,456,c.1847A>G,p.Y616C,missense,1/2500
KCNH2,465,c.1877G>A,p.G626D,missense,1/2500
KCNH2,471,c.1882G>A,p.G628S,missense,4/2500
KCNH2,474,c.1886A>T,p.N629I,missense,2/2500
KCNH2,476,c.1886A>G,p.N629S,missense,1/2500
KCNH2,485,c.1901C>T,p.T634I,missense,1/2500
KCNH2,486,c.1903A>G,p.N635D,missense,1/2500
KCNH2,488,c.1905C>G,p.N635K,missense,1/2500
KCNH2,489,c.1911G>C,p.E637D,missense,1/2500
KCNH2,493,c.1914G>T,p.K638N,missense,1/2500
KCNH2,497,c.1930G>T,p.V644F,missense,1/2500
KCNH2,498,c.1930G>C,p.V644L,missense,1/2500
KCNH2,499,c.1935G>A,p.M645I,missense,1/2500
KCNH2,502,c.1942G>A,p.G648S,missense,1/2500
KCNH2,507,c.1969G>C,p.G657R,missense,1/2500
KCNH2,508,c.1969G>A,p.G657S,missense,1/2500
KCNH2,509,c.1979C>T,p.S660L,missense,3/2500
KCNH2,510,c.1985T>C,p.I662T,missense,1/2500
KCNH2,511,c.2033T>C,p.L678P,missense,1/2500
KCNH2,513,c.2059C>T,p.H687Y,missense,1/2500
KCNH2,514,c.2078T>C,p.L693P,missense,1/2500
KCNH2,519,c.2131A>G,p.I711V,missense,1/2500
KCNH2,522,c.2182A>T,p.I728F,missense,2/2500
KCNH2,524,c.2246G>T,p.G749V,missense,1/2500
KCNH2,529,c.2271G>C,p.K757N,missense,1/2500
KCNH2,530,c.2299G>T,p.D767Y,missense,1/2500
KCNH2,531,c.2309T>C,p.V770A,missense,1/2500
KCNH2,532,c.2320G>T,p.D774Y,missense,1/2500
KCNH2,537,c.2362G>A,p.E788K,missense,1/2500
KCNH2,538,c.2371C>T,p.R791W,missense,1/2500
KCNH2,543,c.2417G>A,p.G806E,missense,1/2500
KCNH2,547,c.2464G>A,p.V822M,missense,1/2500
KCNH2,548,c.2467C>T,p.R823W,missense,5/2500
KCNH2,553,c.2509G>T,p.D837Y,missense,1/2500
KCNH2,554,c.2536C>T,p.P846S,missense,1/2500
KCNH2,564,c.2653C>T,p.R885C,missense,1/2500
KCNH2,566,c.2680C>T,p.R894C,missense,1/2500
KCNH2,567,c.2681G>T,p.R894L,missense,1/2500
KCNH2,570,c.2707G>A,p.G903R,missense,3/2500
KCNH2,571,c.2717C>T,p.S906L,missense,2/2500
KCNH2,573,c.2738C>T,p.A913V,missense,5/2500
KCNH2,576,c.2759G>A,p.R920Q,missense,1/2500
KCNH2,577,c.2758C>T,p.R920W,missense,1/2500
KCNH2,578,c.2765G>A,p.R922Q,missense,1/2500
KCNH2,580,c.2771G>C,p.G924A,missense,1/2500
KCNH2,581,c.2771G>A,p.G924E,missense,1/2500
KCNH2,583,c.2810G>A,p.S937N,missense,1/2500
KCNH2,599,c.3014G>A,p.R1005Q,missense,1/2500
KCNH2,600,c.3020G>A,p.R1007H,missense,1/2500
KCNH2,611,c.3097C>T,p.R1033W,missense,1/2500
KCNH2,615,c.3112G>A,p.V1038M,missense,1/2500
KCNH2,619,c.3146T>C,p.L1049P,missense,1/2500
KCNH2,622,c.3196C>G,p.L1066V,missense,1/2500
KCNH2,625,c.3233A>G,p.Y1078C,missense,1/2500
KCNH2,626,c.3278C>T,p.P1093L,missense,2/2500
KCNH2,629,c.3343A>G,p.M1115V,missense,1/2500
KCNQ1,689,c.5C>T,p.A2V,missense,1/2500
KCNQ1,690,c.19C>T,p.P7S,missense,1/2500
KCNQ1,692,c.136G>A,p.A46T,missense,2/2500
KCNQ1,696,c.197C>T,p.S66F,missense,1/2500
KCNQ1,697,c.217C>A,p.P73T,missense,4/2500
KCNQ1,700,c.332A>G,p.Y111C,missense,5/2500
KCNQ1,703,c.350C>T,p.P117L,missense,1/2500
KCNQ1,706,c.381C>A,p.F127L,missense,1/2500
KCNQ1,709,c.397G>A,p.V133I,missense,1/2500
KCNQ1,710,c.401T>C,p.L134P,missense,1/2500
KCNQ1,715,c.430A>G,p.T144A,missense,1/2500
KCNQ1,719,c.458C>T,p.T153M,missense,1/2500
KCNQ1,722,c.479A>T,p.E160V,missense,1/2500
KCNQ1,723,c.484G>A,p.V162M,missense,1/2500
KCNQ1,726,c.514G>A,p.V172M,missense,2/2500
KCNQ1,728,c.520C>T,p.R174C,missense,1/2500
KCNQ1,729,c.521G>A,p.R174H,missense,1/2500
KCNQ1,732,c.532G>A,p.A178T,missense,1/2500
KCNQ1,734,c.535G>A,p.G179S,missense,2/2500
KCNQ1,737,c.550T>C,p.Y184H,missense,1/2500
KCNQ1,739,c.556G>C,p.G186R,missense,1/2500
KCNQ1,744,c.569G>T,p.R190L,missense,1/2500
KCNQ1,745,c.569G>A,p.R190Q,missense,3/2500
KCNQ1,753,c.583C>T,p.R195W,missense,2/2500
KCNQ1,754,c.592A>G,p.I198V,missense,1/2500
KCNQ1,755,c.595T>G,p.S199A,missense,1/2500
KCNQ1,757,c.604G>A,p.D202N,missense,1/2500
KCNQ1,759,c.612C>G,p.I204M,missense,1/2500
KCNQ1,764,c.643G>A,p.V215M,missense,1/2500
KCNQ1,766,c.671C>T,p.T224M,missense,1/2500
KCNQ1,767,c.674C>T,p.S225L,missense,8/2500
KCNQ1,770,c.691C>T,p.R231C,missense,1/2500
KCNQ1,771,c.692G>A,p.R231H,missense,1/2500
KCNQ1,772,c.704T>A,p.I235N,missense,2/2500
KCNQ1,774,c.722T>G,p.V241G,missense,1/2500
KCNQ1,775,c.724G>A,p.D242N,missense,4/2500
KCNQ1,777,c.727C>T,p.R243C,missense,1/2500
KCNQ1,785,c.749T>C,p.L250P,missense,1/2500
KCNQ1,788,c.760G>A,p.V254M,missense,10/2500
KCNQ1,792,c.775C>T,p.R259C,missense,5/2500
KCNQ1,794,c.776G>T,p.R259L,missense,1/2500
KCNQ1,797,c.781G>C,p.E261Q,missense,1/2500
KCNQ1,798,c.784C>G,p.L262V,missense,1/2500
KCNQ1,800,c.797T>C,p.L266P,missense,30/2500
KCNQ1,801,c.803T>G,p.I268S,missense,1/2500
KCNQ1,802,c.806G>A,p.G269D,missense,4/2500
KCNQ1,803,c.805G>A,p.G269S,missense,10/2500
KCNQ1,804,c.815G>A,p.G272D,missense,1/2500
KCNQ1,806,c.817C>T,p.L273F,missense,7/2500
KCNQ1,808,c.820A>G,p.I274V,missense,1/2500
KCNQ1,810,c.830C>T,p.S277L,missense,2/2500
KCNQ1,811,c.829T>C,p.S277P,missense,1/2500
KCNQ1,814,c.839T>A,p.V280E,missense,1/2500
KCNQ1,815,c.842A>G,p.Y281C,missense,1/2500
KCNQ1,816,c.845T>C,p.L282P,missense,1/2500
KCNQ1,817,c.848C>G,p.A283G,missense,2/2500
KCNQ1,821,c.875G>A,p.G292D,missense,1/2500
KCNQ1,822,c.877C>T,p.R293C,missense,4/2500
KCNQ1,827,c.905C>A,p.A302E,missense,1/2500
KCNQ1,829,c.905C>T,p.A302V,missense,1/2500
KCNQ1,830,c.908T>C,p.L303P,missense,1/2500
KCNQ1,832,c.913T>C,p.W305R,missense,1/2500
KCNQ1,833,c.914G>C,p.W305S,missense,1/2500
KCNQ1,845,c.935C>T,p.T312I,missense,2/2500
KCNQ1,849,c.940G>T,p.G314C,missense,1/2500
KCNQ1,852,c.940G>A,p.G314S,missense,7/2500
KCNQ1,853,c.944A>G,p.Y315C,missense,4/2500
KCNQ1,858,c.947G>T,p.G316V,missense,1/2500
KCNQ1,865,c.958C>T,p.P320S,missense,1/2500
KCNQ1,866,c.964A>G,p.T322A,missense,2/2500
KCNQ1,868,c.965C>T,p.T322M,missense,4/2500
KCNQ1,869,c.973G>A,p.G325R,missense,6/2500
KCNQ1,873,c.1016T>A,p.F339Y,missense,1/2500
KCNQ1,874,c.1022C>A,p.A341E,missense,4/2500
KCNQ1,875,c.1022C>G,p.A341G,missense,1/2500
KCNQ1,876,c.1022C>T,p.A341V,missense,8/2500
KCNQ1,877,c.1024C>T,p.L342F,missense,2/2500
KCNQ1,879,c.1028C>T,p.P343L,missense,1/2500
KCNQ1,889,c.1052T>C,p.F351S,missense,1/2500
KCNQ1,891,c.1061A>G,p.K354R,missense,1/2500
KCNQ1,895,c.1079G>T,p.R360M,missense,2/2500
KCNQ1,897,c.1085A>G,p.K362R,missense,5/2500
KCNQ1,899,c.1093A>C,p.N365H,missense,1/2500
KCNQ1,901,c.1097G>A,p.R366Q,missense,1/2500
KCNQ1,902,c.1096C>T,p.R366W,missense,8/2500
KCNQ1,907,c.1121T>A,p.L374H,missense,1/2500
KCNQ1,908,c.1135T>G,p.W379G,missense,1/2500
KCNQ1,913,c.1153G>A,p.E385K,missense,1/2500
KCNQ1,914,c.1165T>C,p.S389P,missense,1/2500
KCNQ1,920,c.1189C>T,p.R397W,missense,3/2500
KCNQ1,921,c.1193A>G,p.K398R,missense,1/2500
KCNQ1,927,c.1338C>G,p.D446E,missense,2/2500
KCNQ1,928,c.1343C>T,p.P448L,missense,1/2500
KCNQ1,931,c.1351C>T,p.R451W,missense,1/2500
KCNQ1,935,c.1378G>A,p.G460S,missense,1/2500
KCNQ1,936,c.1430C>T,p.P477L,missense,1/2500
KCNQ1,939,c.1531C>T,p.R511W,missense,1/2500
KCNQ1,944,c.1553G>A,p.R518Q,missense,1/2500
KCNQ1,947,c.1559T>G,p.M520R,missense,3/2500
KCNQ1,948,c.1565A>C,p.Y522S,missense,1/2500
KCNQ1,949,c.1571T>G,p.V524G,missense,1/2500
KCNQ1,950,c.1573G>A,p.A525T,missense,1/2500
KCNQ1,951,c.1574C>T,p.A525V,missense,1/2500
KCNQ1,953,c.1597C>T,p.R533W,missense,2/2500
KCNQ1,954,c.1616G>A,p.R539Q,missense,1/2500
KCNQ1,955,c.1615C>T,p.R539W,missense,6/2500
KCNQ1,956,c.1621G>A,p.V541I,missense,1/2500
KCNQ1,957,c.1627G>A,p.E543K,missense,1/2500
KCNQ1,958,c.1637C>T,p.S546L,missense,4/2500
KCNQ1,959,c.1640A>G,p.Q547R,missense,1/2500
KCNQ1,962,c.1663C>T,p.R555C,missense,4/2500
KCNQ1,963,c.1664G>A,p.R555H,missense,1/2500
KCNQ1,964,c.1663C>A,p.R555S,missense,1/2500
KCNQ1,965,c.1669A>G,p.K557E,missense,1/2500
KCNQ1,967,c.1697C>T,p.S566F,missense,5/2500
KCNQ1,968,c.1696T>C,p.S566P,missense,1/2500
KCNQ1,969,c.1697C>A,p.S566Y,missense,2/2500
KCNQ1,971,c.1700T>C,p.I567T,missense,3/2500
KCNQ1,973,c.1702G>A,p.G568R,missense,7/2500
KCNQ1,974,c.1705A>G,p.K569E,missense,1/2500
KCNQ1,975,c.1712C>T,p.S571L,missense,1/2500
KCNQ1,982,c.1760C>T,p.T587M,missense,2/2500
KCNQ1,983,c.1766G>A,p.G589D,missense,1/2500
KCNQ1,985,c.1771C>T,p.R591C,missense,1/2500
KCNQ1,986,c.1772G>A,p.R591H,missense,7/2500
KCNQ1,987,c.1781G>C,p.R594P,missense,1/2500
KCNQ1,988,c.1781G>A,p.R594Q,missense,15/2500
KCNQ1,989,c.1786G>A,p.E596K,missense,1/2500
KCNQ1,991,c.1799C>T,p.T600M,missense,3/2500
KCNQ1,993,c.1831G>A,p.D611N,missense,1/2500
KCNQ1,997,c.1876G>A,p.G626S,missense,1/2500
KCNQ1,999,c.1903G>A,p.G635R,missense,2/2500
SCN5A,1008,c.53G>A,p.R18Q,missense,1/2500
SCN5A,1010,c.80G>A,p.R27H,missense,1/2500
SCN5A,1011,c.89A>G,p.E30G,missense,1/2500
SCN5A,1015,c.128G>A,p.R43Q,missense,1/2500
SCN5A,1016,c.142G>A,p.E48K,missense,1/2500
SCN5A,1017,c.154C>T,p.P52S,missense,1/2500
SCN5A,1018,c.158G>A,p.R53Q,missense,1/2500
SCN5A,1024,c.310C>G,p.R104G,missense,1/2500
SCN5A,1029,c.343A>G,p.S115G,missense,1/2500
SCN5A,1033,c.373G>C,p.V125L,missense,1/2500
SCN5A,1051,c.635T>C,p.L212P,missense,1/2500
SCN5A,1055,c.665G>A,p.R222Q,missense,1/2500
SCN5A,1058,c.673C>T,p.R225W,missense,4/2500
SCN5A,1064,c.718G>A,p.V240M,missense,1/2500
SCN5A,1066,c.739G>C,p.V247L,missense,1/2500
SCN5A,1068,c.825C>A,p.N275K,missense,1/2500
SCN5A,1076,c.865G>A,p.G289S,missense,1/2500
SCN5A,1091,c.1018C>T,p.R340W,missense,1/2500
SCN5A,1096,c.1099C>T,p.R367C,missense,2/2500
SCN5A,1100,c.1109C>T,p.T370M,missense,1/2500
SCN5A,1108,c.1190T>C,p.I397T,missense,1/2500
SCN5A,1111,c.1218C>G,p.N406K,missense,1/2500
SCN5A,1113,c.1225C>G,p.L409V,missense,1/2500
SCN5A,1114,c.1231G>A,p.V411M,missense,3/2500
SCN5A,1125,c.1385A>C,p.E462A,missense,1/2500
SCN5A,1136,c.1588T>G,p.F530V,missense,1/2500
SCN5A,1138,c.1604G>A,p.R535Q,missense,2/2500
SCN5A,1148,c.1705C>T,p.R569W,missense,1/2500
SCN5A,1149,c.1712G>T,p.S571I,missense,1/2500
SCN5A,1153,c.1714G>T,p.A572S,missense,2/2500
SCN5A,1154,c.1715C>T,p.A572V,missense,2/2500
SCN5A,1161,c.1844G>A,p.G615E,missense,5/2500
SCN5A,1172,c.1960G>A,p.E654K,missense,1/2500
SCN5A,1177,c.2018T>C,p.L673P,missense,1/2500
SCN5A,1181,c.2065C>T,p.R689C,missense,1/2500
SCN5A,1185,c.2102C>T,p.P701L,missense,1/2500
SCN5A,1189,c.2192C>T,p.T731I,missense,1/2500
SCN5A,1194,c.2249A>G,p.Q750R,missense,1/2500
SCN5A,1199,c.2314G>A,p.D772N,missense,1/2500
SCN5A,1206,c.2447T>A,p.F816Y,missense,1/2500
SCN5A,1212,c.2542A>T,p.I848F,missense,1/2500
SCN5A,1231,c.2878C>A,p.Q960K,missense,1/2500
SCN5A,1234,c.2894G>T,p.R965L,missense,1/2500
SCN5A,1238,c.2942G>T,p.C981F,missense,1/2500
SCN5A,1241,c.2989G>T,p.A997S,missense,1/2500
SCN5A,1243,c.3010T>C,p.C1004R,missense,1/2500
SCN5A,1249,c.3157G>A,p.E1053K,missense,1/2500
SCN5A,1251,c.3206C>T,p.T1069M,missense,1/2500
SCN5A,1258,c.3299C>T,p.A1100V,missense,1/2500
SCN5A,1264,c.3340G>A,p.D1114N,missense,1/2500
SCN5A,1269,c.3496G>A,p.D1166N,missense,1/2500
SCN5A,1276,c.3596A>C,p.Y1199S,missense,1/2500
SCN5A,1299,c.3847C>A,p.L1283M,missense,1/2500
SCN5A,1304,c.3911C>T,p.T1304M,missense,3/2500
SCN5A,1309,c.3974A>G,p.N1325S,missense,3/2500
SCN5A,1310,c.3976G>T,p.A1326S,missense,1/2500
SCN5A,1316,c.4000A>G,p.I1334V,missense,1/2500
SCN5A,1317,c.4012C>G,p.L1338V,missense,1/2500
SCN5A,1346,c.4296G>C,p.R1432S,missense,1/2500
SCN5A,1357,c.4415A>G,p.N1472S,missense,1/2500
SCN5A,1358,c.4418T>G,p.F1473C,missense,1/2500
SCN5A,1360,c.4442G>A,p.G1481E,missense,1/2500
SCN5A,1362,c.4459A>C,p.M1487L,missense,1/2500
SCN5A,1363,c.4463C>G,p.T1488R,missense,1/2500
SCN5A,1364,c.4467G>T,p.E1489D,missense,1/2500
SCN5A,1365,c.4478A>G,p.K1493R,missense,2/2500
SCN5A,1367,c.4484A>C,p.Y1495S,missense,1/2500
SCN5A,1369,c.4492A>G,p.M1498V,missense,1/2500
SCN5A,1371,c.4501C>G,p.L1501V,missense,1/2500
SCN5A,1373,c.4515G>T,p.K1505N,missense,1/2500
SCN5A,1378,c.4594G>A,p.V1532I,missense,1/2500
SCN5A,1381,c.4680G>C,p.L1560F,missense,1/2500
SCN5A,1388,c.4779C>G,p.I1593M,missense,1/2500
SCN5A,1389,c.4781T>C,p.F1594S,missense,1/2500
SCN5A,1392,c.4786T>A,p.F1596I,missense,2/2500
SCN5A,1399,c.4868G>T,p.R1623L,missense,1/2500
SCN5A,1400,c.4868G>A,p.R1623Q,missense,2/2500
SCN5A,1401,c.4877G>A,p.R1626H,missense,1/2500
SCN5A,1408,c.4930C>T,p.R1644C,missense,1/2500
SCN5A,1412,c.4948C>T,p.L1650F,missense,1/2500
SCN5A,1414,c.4955T>C,p.M1652T,missense,1/2500
SCN5A,1429,c.5168C>A,p.T1723N,missense,1/2500
SCN5A,1433,c.5215C>T,p.R1739W,missense,1/2500
SCN5A,1440,c.5281C>T,p.L1761F,missense,1/2500
SCN5A,1441,c.5282T>A,p.L1761H,missense,1/2500
SCN5A,1442,c.5287G>A,p.V1763M,missense,1/2500
SCN5A,1450,c.5329G>A,p.V1777M,missense,1/2500
SCN5A,1451,c.5336C>T,p.T1779M,missense,2/2500
SCN5A,1452,c.5350G>A,p.E1784K,missense,15/2500
SCN5A,1458,c.5384A>G,p.Y1795C,missense,1/2500
SCN5A,1465,c.5477G>A,p.R1826H,missense,2/2500
SCN5A,1469,c.5516A>G,p.D1839G,missense,1/2500
SCN5A,1475,c.5689C>T,p.R1897W,missense,1/2500
SCN5A,1477,c.5701G>C,p.E1901Q,missense,1/2500
SCN5A,1494,c.5929T>A,p.Y1977N,missense,1/2500
SCN5A,1500,c.6010T>G,p.F2004V,missense,1/2500
SCN5A,1505,c.6034C>T,p.R2012C,missense,1/2500
KCNQ1,8519,c.1048G>A,p.G350R,missense,1/2500
SCN5A,8533,c.1915G>A,p.G639R,missense,1/2500
KCNQ1,8515,c.502G>A,p.G168R,missense,15/2500
KCNQ1,724,c.502G>C,p.G168R,missense,4/2500
KCNQ1,8517,c.916G>A,p.G306R,missense,1/2500
KCNQ1,883,c.1031C>T,p.A344V,missense,1/2500
KCNH2,434,c.1787C>T,p.P596L,missense,1/2500
KCNQ1,834,c.916G>C,p.G306R,missense,1/2500
