gene_symbol,mut_coding,mut_protein,mut_effect,mut_exac_frequency,rep_patients
SCN5A,c.3G>A,p.M1I,missense,0.00000000,1/2111
SCN5A,c.53G>A,p.R18Q,missense,0.00002506,1/2111
SCN5A,c.1776C>A,p.N592K,missense,0.00000000,0/2111
SCN5A,c.210T>G,p.N70K,missense,0.00002538,1/2111
SCN5A,c.250G>A,p.D84N,missense,0.00000000,2/2111
SCN5A,c.278T>C,p.F93S,missense,0.00000000,1/2111
SCN5A,c.281T>G,p.I94S,missense,0.00000000,1/2111
SCN5A,c.310C>T,p.R104W,missense,0.00000828,2/2111
SCN5A,c.327C>A,p.N109K,missense,0.00000828,1/2111
SCN5A,c.362G>A,p.R121Q,missense,0.00000000,2/2111
SCN5A,c.361C>T,p.R121W,missense,0.00000000,1/2111
SCN5A,c.376A>G,p.K126E,missense,0.00000000,1/2111
SCN5A,c.407T>C,p.L136P,missense,0.00000000,2/2111
SCN5A,c.436G>A,p.V146M,missense,0.00019118,1/2111
SCN5A,c.481G>A,p.E161K,missense,0.00002693,3/2111
SCN5A,c.481G>C,p.E161Q,missense,0.00000000,1/2111
SCN5A,c.525G>C,p.K175N,missense,0.00000000,1/2111
SCN5A,c.533C>G,p.A178G,missense,0.00000000,1/2111
SCN5A,c.544T>C,p.C182R,missense,0.00000000,1/2111
SCN5A,c.554C>T,p.A185V,missense,0.00004341,1/2111
SCN5A,c.611C>T,p.A204V,missense,0.00000000,1/2111
SCN5A,c.635T>A,p.L212Q,missense,0.00000000,1/2111
SCN5A,c.1735G>A,p.G579R,missense,0.00011622,0/2111
SCN5A,c.659C>T,p.T220I,missense,0.00101159,2/2111
SCN5A,c.665G>A,p.R222Q,missense,0.00000000,1/2111
SCN5A,c.667G>C,p.V223L,missense,0.00000000,2/2111
SCN5A,c.673C>T,p.R225W,missense,0.00001425,3/2111
SCN5A,c.694G>A,p.V232I,missense,0.00031192,2/2111
SCN5A,c.718G>A,p.V240M,missense,0.00000000,1/2111
SCN5A,c.808C>A,p.Q270K,missense,0.00000000,1/2111
SCN5A,c.827T>A,p.L276Q,missense,0.00000000,1/2111
SCN5A,c.832C>G,p.H278D,missense,0.00000000,1/2111
SCN5A,c.844C>T,p.R282C,missense,0.00000000,1/2111
SCN5A,c.898G>A,p.V300I,missense,0.00000833,1/2111
SCN5A,c.944T>C,p.L315P,missense,0.00000000,1/2111
SCN5A,c.959C>A,p.T320N,missense,0.00001656,1/2111
SCN5A,c.1052G>A,p.G351D,missense,0.00000000,1/2111
SCN5A,c.1099C>T,p.R367C,missense,0.00000841,2/2111
SCN5A,c.1100G>T,p.R367L,missense,0.00000000,1/2111
SCN5A,c.1106T>A,p.M369K,missense,0.00000000,1/2111
SCN5A,c.1120T>G,p.W374G,missense,0.00000000,1/2111
SCN5A,c.1157G>A,p.G386E,missense,0.00000000,2/2111
SCN5A,c.1156G>A,p.G386R,missense,0.00000000,1/2111
SCN5A,c.1187T>C,p.V396A,missense,0.00000000,1/2111
SCN5A,c.1186G>C,p.V396L,missense,0.00000000,1/2111
SCN5A,c.1315G>A,p.E439K,missense,0.00000000,1/2111
SCN5A,c.1703G>A,p.R568H,missense,0.00002488,0/2111
SCN5A,c.1502A>G,p.D501G,missense,0.00000000,1/2111
SCN5A,c.1577G>A,p.R526H,missense,0.00006845,2/2111
SCN5A,c.1595T>G,p.F532C,missense,0.00001904,1/2111
SCN5A,c.1629T>A,p.F543L,missense,0.00000000,1/2111
SCN5A,c.1673A>G,p.H558R,missense,0.22173617,0/2111
SCN5A,c.1844G>A,p.G615E,missense,0.00023005,1/2111
SCN5A,c.1571C>A,p.S524Y,missense,0.00511545,0/2111
SCN5A,c.1855C>T,p.L619F,missense,0.00003699,1/2111
SCN5A,c.1858C>T,p.R620C,missense,0.00000927,1/2111
SCN5A,c.1895C>T,p.T632M,missense,0.00000902,2/2111
SCN5A,c.1918C>G,p.P640A,missense,0.00000000,1/2111
SCN5A,c.1940C>A,p.A647D,missense,0.00000000,1/2111
SCN5A,c.1943C>T,p.P648L,missense,0.00003367,1/2111
SCN5A,c.1981C>T,p.R661W,missense,0.00002500,1/2111
SCN5A,c.2047T>G,p.C683G,missense,0.00000000,1/2111
SCN5A,c.1441C>T,p.R481W,missense,0.00113007,0/2111
SCN5A,c.1425A>C,p.R475S,missense,0.00002536,0/2111
SCN5A,c.2102C>T,p.P701L,missense,0.00011594,1/2111
SCN5A,c.2150C>T,p.P717L,missense,0.00000828,1/2111
SCN5A,c.2236G>A,p.E746K,missense,0.00001661,3/2111
SCN5A,c.2254G>A,p.G752R,missense,0.00000000,5/2111
SCN5A,c.2273G>A,p.G758E,missense,0.00000000,1/2111
SCN5A,c.2291T>G,p.M764R,missense,0.00000000,1/2111
SCN5A,c.2314G>A,p.D772N,missense,0.00001658,1/2111
SCN5A,c.2317C>T,p.P773S,missense,0.00000000,1/2111
SCN5A,c.2365G>A,p.V789I,missense,0.00007501,1/2111
SCN5A,c.2423G>C,p.R808P,missense,0.00000000,1/2111
SCN5A,c.2516T>C,p.L839P,missense,0.00000000,1/2111
SCN5A,c.2599G>C,p.E867Q,missense,0.00000000,1/2111
SCN5A,c.2632C>T,p.R878C,missense,0.00000000,1/2111
SCN5A,c.2633G>A,p.R878H,missense,0.00000000,5/2111
SCN5A,c.2657A>C,p.H886P,missense,0.00000000,1/2111
SCN5A,c.2677C>T,p.R893C,missense,0.00000826,2/2111
SCN5A,c.2678G>A,p.R893H,missense,0.00000000,3/2111
SCN5A,c.2701G>A,p.E901K,missense,0.00000000,3/2111
SCN5A,c.2743T>C,p.C915R,missense,0.00000000,1/2111
SCN5A,c.2750T>G,p.L917R,missense,0.00000000,1/2111
SCN5A,c.2780A>G,p.N927S,missense,0.00000000,3/2111
SCN5A,c.2783T>C,p.L928P,missense,0.00000000,1/2111
SCN5A,c.2804T>C,p.L935P,missense,0.00000000,1/2111
SCN5A,c.2894G>A,p.R965H,missense,0.00001878,1/2111
SCN5A,c.1381T>G,p.L461V,missense,0.00116287,0/2111
SCN5A,c.2989G>A,p.A997T,missense,0.00012477,1/2111
SCN5A,c.3164A>G,p.D1055G,missense,0.00000000,1/2111
SCN5A,c.3236C>A,p.S1079Y,missense,0.00000000,1/2111
SCN5A,c.3338C>T,p.A1113V,missense,0.00001343,1/2111
SCN5A,c.3419G>C,p.S1140T,missense,0.00000000,1/2111
SCN5A,c.1345A>G,p.T449A,missense,0.00002085,0/2111
SCN5A,c.3656G>A,p.S1219N,missense,0.00000000,1/2111
SCN5A,c.3673G>A,p.E1225K,missense,0.00000000,4/2111
SCN5A,c.3682T>C,p.Y1228H,missense,0.00000828,1/2111
SCN5A,c.3695G>A,p.R1232Q,missense,0.00001654,1/2111
SCN5A,c.3694C>T,p.R1232W,missense,0.00000000,3/2111
SCN5A,c.3716T>C,p.L1239P,missense,0.00000000,1/2111
SCN5A,c.3727G>A,p.D1243N,missense,0.00013198,5/2111
SCN5A,c.3746T>A,p.V1249D,missense,0.00000000,1/2111
SCN5A,c.3758A>G,p.E1253G,missense,0.00000000,1/2111
SCN5A,c.3784G>A,p.G1262S,missense,0.00003296,1/2111
SCN5A,c.3813G>C,p.W1271C,missense,0.00000000,1/2111
SCN5A,c.3823G>A,p.D1275N,missense,0.00000000,3/2111
SCN5A,c.3863C>G,p.A1288G,missense,0.00000000,1/2111
SCN5A,c.1340C>G,p.A447G,missense,0.00007533,0/2111
SCN5A,c.1126C>T,p.R376C,missense,0.00000000,0/2111
SCN5A,c.3932T>C,p.L1311P,missense,0.00000000,1/2111
SCN5A,c.3968T>G,p.V1323G,missense,0.00000000,1/2111
SCN5A,c.3995C>T,p.P1332L,missense,0.00000000,1/2111
SCN5A,c.4018G>A,p.V1340I,missense,0.00004951,1/2111
SCN5A,c.4030T>C,p.F1344L,missense,0.00000000,1/2111
SCN5A,c.4036C>A,p.L1346I,missense,0.00000000,1/2111
SCN5A,c.4037T>C,p.L1346P,missense,0.00000000,1/2111
SCN5A,c.4052T>G,p.M1351R,missense,0.00000000,1/2111
SCN5A,c.4057G>A,p.V1353M,missense,0.00004943,2/2111
SCN5A,c.4072G>T,p.G1358W,missense,0.00000000,1/2111
SCN5A,c.4077G>T,p.K1359N,missense,0.00000000,1/2111
SCN5A,c.4079T>G,p.F1360C,missense,0.00000000,1/2111
SCN5A,c.4088G>A,p.C1363Y,missense,0.00000000,1/2111
SCN5A,c.4145G>T,p.S1382I,missense,0.00000000,1/2111
SCN5A,c.4213G>A,p.V1405M,missense,0.00000000,2/2111
SCN5A,c.4217G>A,p.G1406E,missense,0.00000000,2/2111
SCN5A,c.4222G>A,p.G1408R,missense,0.00000000,7/2111
SCN5A,c.4226A>G,p.Y1409C,missense,0.00000000,1/2111
SCN5A,c.4234C>T,p.L1412F,missense,0.00000000,1/2111
SCN5A,c.4255A>G,p.K1419E,missense,0.00000000,1/2111
SCN5A,c.4258G>C,p.G1420R,missense,0.00000000,1/2111
SCN5A,c.4279G>T,p.A1427S,missense,0.00000000,1/2111
SCN5A,c.4283C>T,p.A1428V,missense,0.00000000,1/2111
SCN5A,c.4294A>G,p.R1432G,missense,0.00000000,1/2111
SCN5A,c.4296G>C,p.R1432S,missense,0.00000000,1/2111
SCN5A,c.4298G>T,p.G1433V,missense,0.00000000,1/2111
SCN5A,c.4313C>T,p.P1438L,missense,0.00000000,1/2111
SCN5A,c.4321G>C,p.E1441Q,missense,0.00000000,1/2111
SCN5A,c.4342A>C,p.I1448L,missense,0.00002780,1/2111
SCN5A,c.4343T>C,p.I1448T,missense,0.00000000,1/2111
SCN5A,c.4346A>G,p.Y1449C,missense,0.00000000,1/2111
SCN5A,c.4352T>A,p.V1451D,missense,0.00000000,1/2111
SCN5A,c.4387A>T,p.N1463Y,missense,0.00000000,1/2111
SCN5A,c.4402G>T,p.V1468F,missense,0.00000000,1/2111
SCN5A,c.4501C>G,p.L1501V,missense,0.00002471,1/2111
SCN5A,c.895T>A,p.L299M,missense,0.00015807,0/2111
SCN5A,c.4562T>A,p.I1521K,missense,0.00000000,1/2111
SCN5A,c.4573G>A,p.V1525M,missense,0.00000829,1/2111
SCN5A,c.4642G>A,p.E1548K,missense,0.00000000,3/2111
SCN5A,c.4712T>G,p.F1571C,missense,0.00000000,1/2111
SCN5A,c.4720G>A,p.E1574K,missense,0.00000000,4/2111
SCN5A,c.4745T>C,p.L1582P,missense,0.00000000,1/2111
SCN5A,c.4747C>T,p.R1583C,missense,0.00000000,2/2111
SCN5A,c.4748G>A,p.R1583H,missense,0.00002485,1/2111
SCN5A,c.4810G>A,p.V1604M,missense,0.00003419,1/2111
SCN5A,c.4838A>T,p.Q1613L,missense,0.00000000,1/2111
SCN5A,c.4859C>T,p.T1620M,missense,0.00000826,2/2111
SCN5A,c.4868G>A,p.R1623Q,missense,0.00000000,1/2111
SCN5A,c.4886G>A,p.R1629Q,missense,0.00000000,1/2111
SCN5A,c.4925G>A,p.G1642E,missense,0.00000000,1/2111
SCN5A,c.4978A>G,p.I1660V,missense,0.00002471,5/2111
SCN5A,c.4981G>C,p.G1661R,missense,0.00000000,1/2111
SCN5A,c.4999G>A,p.V1667I,missense,0.00000000,1/2111
SCN5A,c.5015C>A,p.S1672Y,missense,0.00000000,2/2111
SCN5A,c.5038G>A,p.A1680T,missense,0.00002471,2/2111
SCN5A,c.5092G>A,p.A1698T,missense,0.00000824,1/2111
SCN5A,c.5126C>T,p.T1709M,missense,0.00000824,2/2111
SCN5A,c.5126C>G,p.T1709R,missense,0.00000000,1/2111
SCN5A,c.5134G>A,p.G1712S,missense,0.00000000,1/2111
SCN5A,c.5164A>G,p.N1722D,missense,0.00000000,1/2111
SCN5A,c.5182T>C,p.C1728R,missense,0.00000000,1/2111
SCN5A,c.5184C>G,p.C1728W,missense,0.00000000,1/2111
SCN5A,c.5228G>A,p.G1743E,missense,0.00000000,6/2111
SCN5A,c.5290G>T,p.V1764F,missense,0.00000000,1/2111
SCN5A,c.5336C>T,p.T1779M,missense,0.00003305,1/2111
SCN5A,c.872A>G,p.N291S,missense,0.00000000,0/2111
SCN5A,c.5494C>G,p.Q1832E,missense,0.00007452,1/2111
SCN5A,c.5581G>A,p.V1861I,missense,0.00000000,1/2111
SCN5A,c.5616G>C,p.K1872N,missense,0.00000000,1/2111
SCN5A,c.5711C>T,p.S1904L,missense,0.00019045,1/2111
SCN5A,c.5770G>A,p.A1924T,missense,0.00004144,1/2111
SCN5A,c.5803G>A,p.G1935S,missense,0.00001673,1/2111
SCN5A,c.5812G>A,p.E1938K,missense,0.00000840,1/2111
SCN5A,c.856G>T,p.A286S,missense,0.00029009,0/2111
SCN5A,c.647C>T,p.S216L,missense,0.00100046,0/2111
SCN5A,c.101G>A,p.R34H,missense,0.00002519,0/2111
SCN5A,c.100C>T,p.R34C,missense,0.00946245,0/2111
SCN5A,c.6010T>G,p.F2004V,missense,0.00002751,1/2111
SCN5A,c.52C>T,p.R18W,missense,0.00032601,0/2111
SCN5A,c.998+1G>A,NULL,"essential splice site",0.00000000,1/2111
SCN5A,c.1255C>T,p.Q419X,nonsense,0.00000000,1/2111
SCN5A,c.1428_1431delCAAG,NULL,frameshift,0.00000000,1/2111
SCN5A,c.1338+2T>A,NULL,"essential splice site",0.00000000,1/2111
SCN5A,c.1537delC,NULL,frameshift,0.00000000,1/2111
SCN5A,c.1562delA,NULL,frameshift,0.00000000,1/2111
SCN5A,c.1717C>T,p.Q573X,nonsense,0.00000000,1/2111
SCN5A,c.1721delG,NULL,frameshift,0.00000000,1/2111
SCN5A,c.191_193delTGC,NULL,inframe,0.00000000,1/2111
SCN5A,c.1936delC,NULL,frameshift,0.00000000,3/2111
SCN5A,c.1950_1953delAGAT,NULL,frameshift,0.00000000,1/2111
SCN5A,c.1890+5G>A,NULL,"splice site",0.00000000,2/2111
SCN5A,c.1890G>A,NULL,"splice site",0.00000000,3/2111
SCN5A,c.2024_2025delAG,NULL,frameshift,0.00000000,1/2111
SCN5A,c.2092G>T,p.E698X,nonsense,0.00000000,1/2111
SCN5A,c.2201dupT,NULL,frameshift,0.00000000,1/2111
SCN5A,c.2274delG,NULL,frameshift,0.00000000,2/2111
SCN5A,c.2326_2328delTAC,NULL,inframe,0.00000000,1/2111
SCN5A,c.2435_2436+3delTGGTAinsCGCCT,NULL,inframe,0.00000000,1/2111
SCN5A,c.2533delG,NULL,frameshift,0.00000000,1/2111
SCN5A,c.2549_2550insTG,NULL,frameshift,0.00000000,1/2111
SCN5A,c.2850delT,NULL,frameshift,0.00000000,1/2111
SCN5A,c.2914_2923delTTTGTCAAGC,NULL,frameshift,0.00000000,1/2111
SCN5A,c.3005_3012delCCAGCTGC,NULL,frameshift,0.00000000,1/2111
SCN5A,c.3171_3172delTGinsA,NULL,frameshift,0.00000000,1/2111
SCN5A,c.3228+2delT,NULL,"essential splice site",0.00000000,1/2111
SCN5A,c.3345G>A,p.W1115X,nonsense,0.00000000,1/2111
SCN5A,c.3553_3554delCA,NULL,frameshift,0.00000000,1/2111
SCN5A,c.3576G>A,p.W1192X,nonsense,0.00000000,1/2111
SCN5A,c.3666+1delG,NULL,"essential splice site",0.00000000,1/2111
SCN5A,c.381dupT,NULL,frameshift,0.00000000,1/2111
SCN5A,c.3894delC,NULL,frameshift,0.00000000,1/2111
SCN5A,c.410_418dupTCATGTGCA,NULL,inframe,0.00000000,1/2111
SCN5A,c.4118T>A,p.L1373X,nonsense,0.00000000,1/2111
SCN5A,c.4147C>T,p.Q1383X,nonsense,0.00000000,1/2111
SCN5A,c.4182C>G,p.Y1394X,nonsense,0.00000000,1/2111
SCN5A,c.4227C>G,p.Y1409X,nonsense,0.00000000,1/2111
SCN5A,c.3963+4A>G,NULL,"splice site",0.00000000,1/2111
SCN5A,c.4302T>G,p.Y1434X,nonsense,0.00000000,1/2111
SCN5A,c.4320G>A,p.W1440X,nonsense,0.00000000,1/2111
SCN5A,c.4376_4379delTCTT,NULL,frameshift,0.00000000,1/2111
SCN5A,c.4389_4396delCCTCTTTA,NULL,frameshift,0.00000000,1/2111
SCN5A,c.4426C>T,p.Q1476X,nonsense,0.00000000,1/2111
SCN5A,c.4299+1G>T,NULL,"essential splice site",0.00000000,1/2111
SCN5A,c.4299G>A,NULL,"splice site",0.00000000,1/2111
SCN5A,c.4300-1G>A,NULL,"essential splice site",0.00000000,1/2111
SCN5A,c.4477_4479delAAG,NULL,inframe,0.00000000,2/2111
SCN5A,c.4477A>T,p.K1493X,nonsense,0.00000000,1/2111
SCN5A,c.4773G>A,p.W1591X,nonsense,0.00000000,1/2111
SCN5A,c.477T>A,p.Y159X,nonsense,0.00000000,1/2111
SCN5A,c.4845C>A,p.Y1615X,nonsense,0.00000000,1/2111
SCN5A,c.4856delC,NULL,frameshift,0.00000000,1/2111
SCN5A,c.486delC,NULL,frameshift,0.00000000,1/2111
SCN5A,c.4885C>T,p.R1629X,nonsense,0.00000824,1/2111
SCN5A,c.5083C>T,p.Q1695X,nonsense,0.00000000,2/2111
SCN5A,c.5124_5126delCAC,NULL,inframe,0.00000000,1/2111
SCN5A,c.5356_5357delCT,NULL,frameshift,0.00000000,2/2111
SCN5A,c.5577_5578dupAA,NULL,frameshift,0.00000000,1/2111
SCN5A,c.579G>A,p.W193X,nonsense,0.00000000,1/2111
SCN5A,c.6010_6012dupTTC,NULL,inframe,0.00000000,1/2111
SCN5A,c.611+1G>A,NULL,"essential splice site",0.00000000,1/2111
SCN5A,c.656_657insATTCA,NULL,frameshift,0.00000000,1/2111
SCN5A,c.745A>T,p.K249X,nonsense,0.00000000,1/2111
SCN5A,c.934+4C>T,NULL,"splice site",0.00029208,1/2111
SCN5A,c.1654G>A,p.G552R,missense,0.00000000,1/2111
SCN5A,c.2553C>A,p.F851L,missense,0.00000825,1/2111
SCN5A,c.311G>A,p.R104Q,missense,0.00000000,3/2111
SCN5A,c.677C>T,p.A226V,missense,0.00013493,2/2111
SCN5A,c.974T>G,p.L325R,missense,0.00000000,1/2111
SCN5A,c.1007C>T,p.P336L,missense,0.00000000,2/2111
SCN5A,c.1052G>T,p.G351V,missense,0.00000000,1/2111
SCN5A,c.1066G>A,p.D356N,missense,0.00000000,8/2111
SCN5A,c.1100G>A,p.R367H,missense,0.00000000,6/2111
SCN5A,c.1127G>A,p.R376H,missense,0.00000000,4/2111
SCN5A,c.2204C>T,p.A735V,missense,0.00000828,4/2111
SCN5A,c.2729C>T,p.S910L,missense,0.00000000,1/2111
SCN5A,c.2893C>T,p.R965C,missense,0.00006504,3/2111
SCN5A,c.3157G>A,p.E1053K,missense,0.00009987,3/2111
SCN5A,c.3956G>T,p.G1319V,missense,0.00001415,5/2111
SCN5A,c.4213G>C,p.V1405L,missense,0.00000000,2/2111
SCN5A,c.5141A>G,p.D1714G,missense,0.00000000,1/2111
SCN5A,c.5218G>A,p.G1740R,missense,0.00000000,1/2111
SCN5A,c.5227G>A,p.G1743R,missense,0.00000000,5/2111
SCN5A,c.5350G>A,p.E1784K,missense,0.00000000,14/2111
SCN5A,c.4867C>T,p.R1623X,nonsense,0.00000000,2/2111
SCN5A,c.4912C>T,p.R1638X,nonsense,0.00002471,3/2111
SCN5A,c.535C>T,p.R179X,nonsense,0.00000000,1/2111
SCN5A,c.664C>T,p.R222X,nonsense,0.00000000,4/2111
SCN5A,c.1603C>T,p.R535X,nonsense,0.00000000,4/2111
SCN5A,c.217C>T,p.Q73X,nonsense,0.00000000,1/2111
SCN5A,c.3622G>T,p.E1208X,nonsense,0.00000000,1/2111
SCN5A,c.1036G>T,p.E346X,nonsense,0.00000000,1/2111
SCN5A,c.4178T>A,p.L1393X,nonsense,0.00000000,3/2111
SCN5A,c.5435C>A,p.S1812X,nonsense,0.00000000,1/2111
SCN5A,c.468G>A,p.W156X,nonsense,0.00000000,1/2111
SCN5A,c.2465G>A,p.W822X,nonsense,0.00000000,1/2111
SCN5A,c.2320delT,p.Tyr774fsX28,frameshift,0.00000000,2/2111
SCN5A,c.2582_2583delTT,p.Phe861TrpfsX71,frameshift,0.00000000,11/2111
SCN5A,c.2602delC,NULL,frameshift,0.00000000,2/2111
SCN5A,c.4190delA,NULL,frameshift,0.00000000,1/2111
SCN5A,c.5068_5069delGA,NULL,frameshift,0.00000000,1/2111
SCN5A,c.5157delC,NULL,frameshift,0.00000000,1/2111
SCN5A,c.5290delG,NULL,frameshift,0.00000000,1/2111
SCN5A,c.5464_5467delTCTG,p.Ser1822SerfsX11,frameshift,0.00000000,1/2111
SCN5A,c.3634_3636delATC,p.Ile1212del,inframe,0.00000000,1/2111
SCN5A,c.4299+1delG,NULL,"essential splice site",0.00000000,1/2111
SCN5A,c.1983_1993dupGGCCCTCAGCG,NULL,frameshift,0.00000000,1/2111
SCN5A,c.2550_2551dupGT,p.Phe851CysfsX19,frameshift,0.00000000,1/2111
SCN5A,c.3140_3141dupTG,NULL,frameshift,0.00000000,1/2111
SCN5A,c.4710_4711insATC,p.Ile1570ins,inframe,0.00000000,1/2111
SCN5A,c.5387_5388insTGA,NULL,inframe,0.00000000,1/2111
SCN5A,c.611+3_611+4insAA,NULL,"splice site",0.00000000,1/2111
SCN5A,c.3840+1G>A,NULL,"essential splice site",0.00000000,6/2111
SCN5A,c.393-5C>A,NULL,"splice site",0.00012968,1/2111
SCN5A,c.3963+2T>C,NULL,"essential splice site",0.00000000,1/2111
SCN5A,c.4437+5G>A,NULL,"splice site",0.00000000,2/2111
SCN5A,c.612-2A>G,NULL,"essential splice site",0.00001451,1/2111
SCN5A,c.1787A>G,p.D596G,missense,0.00000000,0/2111
SCN5A,c.1802T>C,p.V601A,missense,0.00000000,0/2111
SCN5A,c.1852C>T,p.L618F,missense,0.00057249,0/2111
SCN5A,c.1913G>A,p.G638D,missense,0.00000000,0/2111
SCN5A,c.1967C>T,p.P656L,missense,0.00039225,0/2111
SCN5A,c.2014G>A,p.A672T,missense,0.00088993,0/2111
SCN5A,c.2066G>A,p.R689H,missense,0.00011647,0/2111
SCN5A,c.2074C>A,p.Q692K,missense,0.00028223,0/2111
SCN5A,c.2114C>T,p.S705F,missense,0.00006624,0/2111
SCN5A,c.2770G>A,p.V924I,missense,0.00013737,0/2111
SCN5A,c.2923C>T,p.R975W,missense,0.00001943,0/2111
SCN5A,c.2957G>A,p.R986Q,missense,0.00001975,0/2111
SCN5A,c.3047C>T,p.T1016M,missense,0.00009559,0/2111
SCN5A,c.3118G>A,p.G1040R,missense,0.00005015,0/2111
SCN5A,c.3245T>C,p.V1082A,missense,0.00000914,0/2111
SCN5A,c.3269C>T,p.P1090L,missense,0.00171474,0/2111
SCN5A,c.3292G>T,p.V1098L,missense,0.00014761,0/2111
SCN5A,c.3308C>A,p.S1103Y,missense,0.00799020,0/2111
SCN5A,c.3319G>A,p.E1107K,missense,0.00018418,0/2111
SCN5A,c.3346C>T,p.R1116W,missense,0.00001554,0/2111
SCN5A,c.3578G>A,p.R1193Q,missense,0.00621531,0/2111
SCN5A,c.3751G>A,p.V1251M,missense,0.00026373,0/2111
SCN5A,c.3878T>C,p.F1293S,missense,0.00040363,0/2111
SCN5A,c.3922C>T,p.L1308F,missense,0.00055339,0/2111
SCN5A,c.4534C>T,p.R1512W,missense,0.00007427,0/2111
SCN5A,c.5360G>A,p.S1787N,missense,0.00061197,0/2111
SCN5A,c.5507T>C,p.I1836T,missense,0.00023184,0/2111
SCN5A,c.5701G>A,p.E1901K,missense,0.00004140,0/2111
SCN5A,c.5755C>T,p.R1919C,missense,0.00002485,0/2111
SCN5A,c.5851G>T,p.V1951L,missense,0.00541198,0/2111
SCN5A,c.5873G>A,p.R1958Q,missense,0.00006181,0/2111
SCN5A,c.5885C>T,p.P1962L,missense,0.00015002,0/2111
SCN5A,c.5904C>G,p.I1968M,missense,0.00002650,0/2111
SCN5A,c.5972G>A,p.R1991Q,missense,0.00000000,0/2111
SCN5A,c.6010T>C,p.F2004L,missense,0.00201768,0/2111
SCN5A,c.6016C>G,p.P2006A,missense,0.00134075,0/2111
SCN5A,c.934+1G>A,NULL,"essential splice site",0.00000000,1/2111
SCN5A,c.4813+2_4813+5dupTGGG,NULL,"essential splice site",0.00000000,1/2111
SCN5A,c.5420dupA,NULL,frameshift,0.00000000,1/2111
SCN5A,c.4216G>C,p.G1406R,missense,0.00000000,1/2111
SCN5A,c.4981G>A,p.G1661R,missense,0.00000000,2/2111
SCN5A,c.4299+2T>A,NULL,"essential splice site",0.00000000,0/2111
