"CHROM","POS","REF","ALT","ID","GENES"
"10",97584912,"G","C",33,"ANKRD2, C10orf62, HOGA1, AL355315.1"
"10",97601925,"T","G",34,"HOGA1, AL355315.1"
"16",2496587,"G","C",48,"AC093525.2, TBC1D24"
"16",2496899,"T","C",50,"AC093525.2, TBC1D24"
"11",61437820,"G","A",401,"SDHAF2, AP003108.2"
"11",72106094,"G","A",543,"LAMTOR1, LRTOMT, AP000812.4, ANAPC15, AP000812.5"
"11",72106165,"T","C",544,"LAMTOR1, LRTOMT, AP000812.4, ANAPC15, AP000812.5"
"11",72106180,"G","A",545,"LAMTOR1, LRTOMT, AP000812.4, ANAPC15, AP000812.5"
"19",19516253,"G","C",1693,"NDUFA13, AC011448.1, TSSK6"
"16",31094645,"C","A",2207,"VKORC1, AC135050.2"
"16",31094596,"A","G",2208,"VKORC1, AC135050.2"
"16",31094558,"T","C",2209,"VKORC1, AC135050.2"
"19",41422643,"G","A",2377,"BCKDHA, B3GNT8, AC011462.1"
"19",41424496,"T","G",2378,"BCKDHA, B3GNT8, AC011462.1"
"19",41422262,"G","A",2380,"BCKDHA, B3GNT8, AC011462.1"
"19",41422704,"C","G",2381,"BCKDHA, B3GNT8, AC011462.1"
"19",41422309,"C","G",2382,"BCKDHA, B3GNT8, AC011462.1"
"7",66089114,"A","G",2399,"ASL, AC068533.4"
"7",66092566,"C","T",2401,"ASL, AC068533.4"
"7",66092078,"C","T",2403,"ASL, AC068533.4"
"13",76995119,"G","A",2569,"CLN5, AC001226.2"
"9",69216367,"T","C",2907,"TJP2, AL358113.1"
"11",111836179,"C","T",3748,"ALG9, AP001781.2"
"11",111853415,"T","C",3749,"ALG9, AP001781.2"
"19",38290215,"A","G",5205,"SPINT2, AC011479.1"
"8",94391640,"T","C",5638,"RAD54B, FSBP"
"8",94399540,"C","A",5639,"RAD54B, FSBP"
"22",50523738,"G","A",5679,"SCO2, NCAPH2, TYMP, SCO2"
"22",50523901,"G","A",5680,"SCO2, NCAPH2, TYMP, SCO2"
"22",50523994,"C","T",5681,"SCO2, NCAPH2, TYMP, SCO2"
"22",50524014,"C","T",5684,"SCO2, NCAPH2, TYMP, SCO2"
"2",169487811,"G","A",6161,"BBS5, AC093899.2"
"2",169493765,"A","G",6162,"BBS5, AC093899.2"
"5",77349456,"A","C",6390,"PDE8B, AC022414.1"
"19",18868916,"C","T",6748,"GDF1, UPF1, CERS1"
"16",89935235,"C","T",6963,"TUBB3, AC092143.1"
"16",89935355,"G","A",6964,"TUBB3, AC092143.1"
"16",89935700,"G","C",6965,"TUBB3, AC092143.1"
"16",89935700,"G","A",6966,"TUBB3, AC092143.1"
"16",89935679,"G","A",6967,"TUBB3, AC092143.1"
"11",117822424,"C","T",7684,"FXYD2, FXYD6-FXYD2"
"X",149490322,"G","A",10487,"IDS, AC244197.3"
"X",149482894,"C","G",10488,"IDS, AC244197.3"
"X",149483135,"A","C",10493,"IDS, AC244197.3"
"X",149482997,"G","A",10497,"IDS, AC244197.3"
"X",149482996,"C","T",10498,"IDS, AC244197.3"
"X",149482996,"C","A",10500,"IDS, AC244197.3"
"4",109746398,"T","A",12118,"CFI, AC126283.2"
"4",109760567,"C","T",12124,"CFI, AC126283.2"
"11",66526181,"T","G",12143,"BBS1, AP002748.4"
"2",233768259,"C","T",12267,"UGT1A6, UGT1A1, UGT1A10, UGT1A9, UGT1A4, UGT1A5, UGT1A7, UGT1A8, UGT1A3"
"2",233767161,"A","G",12270,"UGT1A6, UGT1A1, UGT1A10, UGT1A9, UGT1A4, UGT1A5, UGT1A7, UGT1A8, UGT1A3"
"2",233767092,"G","A",12272,"UGT1A6, UGT1A1, UGT1A10, UGT1A9, UGT1A4, UGT1A5, UGT1A7, UGT1A8, UGT1A3"
"2",233772413,"T","G",12281,"UGT1A6, UGT1A1, UGT1A10, UGT1A9, UGT1A4, UGT1A5, UGT1A7, UGT1A8, UGT1A3, MROH2A"
"2",233767922,"A","G",12283,"UGT1A6, UGT1A1, UGT1A10, UGT1A9, UGT1A4, UGT1A5, UGT1A7, UGT1A8, UGT1A3"
"2",233768333,"A","G",12286,"UGT1A6, UGT1A1, UGT1A10, UGT1A9, UGT1A4, UGT1A5, UGT1A7, UGT1A8, UGT1A3"
"15",40718818,"G","A",13127,"RAD51, AC012476.1"
"11",2160825,"G","C",13377,"TH, INS, INS-IGF2"
"11",2160829,"A","G",13378,"TH, INS, INS-IGF2"
"11",2160872,"G","C",13379,"TH, INS, INS-IGF2"
"11",2160901,"G","T",13388,"TH, INS, INS-IGF2"
"11",2160829,"A","C",13389,"TH, INS, INS-IGF2"
"11",2160956,"G","A",13390,"TH, INS, INS-IGF2"
"11",2160835,"C","T",13391,"TH, INS, INS-IGF2"
"11",2160809,"G","A",13392,"TH, INS, INS-IGF2"
"4",54285926,"A","T",13543,"PDGFRA, AC058822.1"
"4",54278380,"C","T",13550,"PDGFRA, AC058822.1"
"4",54285937,"G","T",13551,"PDGFRA, AC058822.1"
"5",139307669,"C","G",14002,"MATR3, MATR3"
"11",5254417,"G","A",14981,"HBG1, HBG2, AC104389.5"
"11",5254330,"G","A",14989,"HBG1, HBG2, AC104389.5"
"11",5254482,"A","G",14996,"HBG1, HBG2, AC104389.5"
"11",1757343,"A","T",17573,"CTSD, AC068580.4"
"7",30912022,"C","T",17847,"AQP1, AC004691.2"
"3",51987188,"A","C",18111,"ABHD14B, ACY1, ABHD14A-ACY1"
"3",51986993,"C","T",18113,"ABHD14B, ACY1, ABHD14A-ACY1"
"16",30068824,"A","G",18177,"ALDOA, AC093512.2"
"16",30069384,"G","A",18178,"ALDOA, AC093512.2"
"11",93796509,"T","C",18441,"MED17, AP001273.2"
"11",2160845,"A","C",21114,"TH, INS, INS-IGF2"
"11",2160832,"C","A",21115,"TH, INS, INS-IGF2"
"11",2160878,"C","T",21122,"TH, INS, INS-IGF2"
"11",2160878,"C","G",21123,"TH, INS, INS-IGF2"
"11",5254405,"C","T",29753,"HBG1, HBG2, AC104389.5"
"16",89935418,"A","G",30272,"TUBB3, AC092143.1"
"16",89935064,"G","A",30274,"TUBB3, AC092143.1"
"16",89935356,"C","T",30275,"TUBB3, AC092143.1"
"19",38916306,"T","C",30982,"CCER2, AC011455.2, SARS2"
"11",2160901,"G","A",36401,"TH, INS, INS-IGF2"
"22",50524071,"C","T",50905,"SCO2, NCAPH2, TYMP, SCO2"
"13",76995077,"G","C",56533,"CLN5, AC001226.2"
"13",76995990,"A","G",56539,"CLN5, AC001226.2"
"13",76996008,"T","C",56540,"CLN5, AC001226.2"
"13",76996028,"C","T",56541,"CLN5, AC001226.2"
"13",76996035,"G","C",56542,"CLN5, AC001226.2"
"16",2496834,"T","C",56846,"AC093525.2, TBC1D24"
"2",169492900,"G","A",68066,"BBS5, AC093899.2"
"6",116431086,"C","T",88848,"DSE, Z84488.2"
"16",2496872,"C","T",91395,"AC093525.2, TBC1D24"
"16",2496266,"C","T",91396,"AC093525.2, TBC1D24"
"16",2496206,"C","G",91397,"AC093525.2, TBC1D24"
"X",149482996,"C","G",92615,"IDS, AC244197.3"
"X",149482891,"A","T",92616,"IDS, AC244197.3"
"19",41423038,"C","T",93335,"BCKDHA, B3GNT8, AC011462.1"
"19",41424504,"G","A",93344,"BCKDHA, B3GNT8, AC011462.1"
"19",41411004,"C","T",93356,"BCKDHA, AC011462.1"
"19",41419282,"C","T",93365,"BCKDHA, AC011462.1"
"19",41422176,"C","T",93367,"BCKDHA, B3GNT8, AC011462.1"
"19",41422370,"G","C",93375,"BCKDHA, B3GNT8, AC011462.1"
"19",41422680,"A","C",93377,"BCKDHA, B3GNT8, AC011462.1"
"19",41422754,"G","A",93385,"BCKDHA, B3GNT8, AC011462.1"
"19",41424582,"T","A",100009,"BCKDHA, B3GNT8, AC011462.1"
"16",2496356,"G","T",100677,"AC093525.2, TBC1D24"
"16",2497026,"G","C",100678,"AC093525.2, TBC1D24"
"11",1758970,"G","A",100732,"CTSD, AC068580.4"
"5",139307759,"T","G",126561,"MATR3, MATR3"
"5",139322683,"A","G",126562,"MATR3, MATR3"
"5",139307875,"C","T",126563,"MATR3, MATR3"
"11",93790727,"C","T",129605,"MED17, AP001273.2"
"19",19526257,"G","A",132643,"NDUFA13, YJEFN3, AC011448.1"
"16",2496681,"C","T",133246,"AC093525.2, TBC1D24"
"1",160237145,"G","A",133348,"DCAF8, AL139011.2"
"19",38290229,"G","A",157607,"SPINT2, AC011479.1"
"1",74369495,"G","A",161447,"TNNI3K, FPGT-TNNI3K"
"1",211019164,"C","G",162523,"KCNH1, AL590132.1"
"16",2496267,"G","T",183152,"AC093525.2, TBC1D24"
"16",2496461,"T","C",183153,"AC093525.2, TBC1D24"
"2",169514701,"C","T",183245,"KLHL41, AC093899.2"
"1",210919979,"C","T",183415,"KCNH1, AL590132.1"
"1",210919967,"G","C",183416,"KCNH1, AL590132.1"
"1",210919955,"C","G",183417,"KCNH1, AL590132.1"
"1",210920047,"G","T",183419,"KCNH1, AL590132.1"
"16",4340985,"T","C",187811,"GLIS2, PAM16, CORO7-PAM16"
"2",169493750,"G","A",191306,"BBS5, AC093899.2"
"1",225921254,"G","A",192394,"PYCR2, AL117348.2"
"10",97584810,"C","T",204265,"ANKRD2, C10orf62, HOGA1, AL355315.1"
"10",97584837,"C","T",204266,"ANKRD2, C10orf62, HOGA1, AL355315.1"
"10",97601884,"C","A",204274,"HOGA1, AL355315.1"
"10",97601889,"G","A",204275,"HOGA1, AL355315.1"
"19",41422361,"G","C",204377,"BCKDHA, B3GNT8, AC011462.1"
"19",41414149,"G","A",204378,"BCKDHA, AC011462.1"
"19",41414143,"A","C",204380,"BCKDHA, AC011462.1"
"11",1759606,"G","C",205350,"CTSD, AC068580.4"
"11",1759569,"G","A",205363,"CTSD, AC068580.4"
"11",1758994,"C","A",208848,"CTSD, AC068580.4"
"2",233768226,"C","T",212543,"UGT1A6, UGT1A1, UGT1A10, UGT1A9, UGT1A4, UGT1A5, UGT1A7, UGT1A8, UGT1A3"
"22",50523877,"G","A",215130,"SCO2, NCAPH2, TYMP, SCO2"
"16",89933486,"G","A",219254,"TUBB3, AC092143.1"
"16",89933512,"G","A",219255,"TUBB3, AC092143.1"
"16",89935236,"G","A",219256,"TUBB3, AC092143.1"
"16",89935589,"C","T",219257,"TUBB3, AC092143.1"
"X",149487089,"A","G",221200,"IDS, AC244197.3"
"X",149487072,"A","T",221201,"IDS, AC244197.3"
"X",149482966,"T","C",221204,"IDS, AC244197.3"
"X",149498132,"G","T",221211,"IDS, AC244197.3"
"X",149490436,"T","A",221212,"IDS, AC244197.3"
"X",149490385,"C","T",221213,"IDS, AC244197.3"
"X",149490317,"G","A",221971,"IDS, AC244197.3"
"X",149487080,"T","G",221972,"IDS, AC244197.3"
"7",66088850,"C","A",224976,"ASL, AC068533.4"
"7",66089146,"C","T",224977,"ASL, AC068533.4"
"1",210919966,"A","G",235383,"KCNH1, AL590132.1"
"19",41422353,"A","G",235750,"BCKDHA, B3GNT8, AC011462.1"
"16",2496342,"G","T",236046,"AC093525.2, TBC1D24"
"16",89935613,"A","G",236243,"TUBB3, AC092143.1"
"19",38917929,"A","G",242874,"AC011455.2, SARS2"
"11",2160847,"A","G",253331,"TH, INS, INS-IGF2"
"1",225921232,"A","G",254248,"PYCR2, AL117348.2"
"1",225921590,"G","A",254249,"PYCR2, AL117348.2"
"1",225921311,"A","C",254250,"PYCR2, AL117348.2"
"16",89935623,"G","T",265354,"TUBB3, AC092143.1"
"1",210920032,"C","T",279981,"KCNH1, AL590132.1"
"16",89935140,"C","T",280212,"TUBB3, AC092143.1"
"X",149483134,"C","T",284860,"IDS, AC244197.3"
"11",66515586,"G","A",370228,"BBS1, AP002748.4"
"1",235427143,"T","A",372201,"TBCE, TBCE"
"16",89935214,"G","A",372654,"TUBB3, AC092143.1"
"4",109764567,"T","C",372807,"CFI, AC126283.2"
"16",89935065,"A","C",373761,"TUBB3, AC092143.1"
"16",89935433,"G","A",374309,"TUBB3, AC092143.1"
"16",2496552,"C","T",375708,"AC093525.2, TBC1D24"
"4",54277981,"C","A",375901,"PDGFRA, AC058822.1"
"4",54277981,"C","G",375902,"PDGFRA, AC058822.1"
"4",54285925,"GA","AT",376055,"PDGFRA, AC058822.1"
"4",54277977,"T","C",376182,"PDGFRA, AC058822.1"
"4",54285923,"G","A",376183,"PDGFRA, AC058822.1"
"4",54285934,"C","T",376184,"PDGFRA, AC058822.1"
"4",54285959,"G","A",376185,"PDGFRA, AC058822.1"
"4",54285925,"G","T",376250,"PDGFRA, AC058822.1"
"X",149483006,"G","T",383181,"IDS, AC244197.3"
"16",89935313,"G","A",384329,"TUBB3, AC092143.1"
"16",2496469,"T","A",391688,"AC093525.2, TBC1D24"
"19",18869345,"C","A",392938,"GDF1, UPF1, CERS1"
"9",69226175,"G","A",397505,"TJP2, AL358113.1"
"19",7444215,"A","G",417754,"ARHGEF18, AC008878.3"
"19",18869315,"G","C",418231,"GDF1, UPF1, CERS1"
"19",18868764,"C","T",418233,"GDF1, UPF1, CERS1"
"1",210920040,"T","G",420958,"KCNH1, AL590132.1"
"16",89935532,"C","A",421147,"TUBB3, AC092143.1"
"16",89935296,"G","C",421587,"TUBB3, AC092143.1"
"X",149487059,"C","T",422490,"IDS, AC244197.3"
"16",2497067,"A","C",425556,"AC093525.2, TBC1D24"
"7",66089335,"G","C",426324,"ASL, AC068533.4"
"X",149496419,"T","A",427181,"IDS, AC244197.3"
"16",89935285,"C","G",427208,"TUBB3, AC092143.1"
"16",89935660,"G","C",429849,"TUBB3, AC092143.1"
"16",89934875,"G","A",430312,"TUBB3, AC092143.1"
"X",149487078,"C","T",432040,"IDS, AC244197.3"
"7",66092084,"G","C",432076,"ASL, AC068533.4"
"19",38919827,"G","A",432690,"AC011455.2, SARS2"
"15",92924407,"G","A",433117,"CHD2, AC013394.1"
"16",2496957,"G","A",436947,"AC093525.2, TBC1D24"
"16",2497014,"C","T",436948,"AC093525.2, TBC1D24"
"X",149487006,"T","A",437444,"IDS, AC244197.3"
"2",233767858,"C","T",437450,"UGT1A6, UGT1A1, UGT1A10, UGT1A9, UGT1A4, UGT1A5, UGT1A7, UGT1A8, UGT1A3"
"2",169492899,"C","T",437993,"BBS5, AC093899.2"
"16",89932649,"C","T",438582,"TUBB3, AC092143.1"
"7",99388183,"C","T",444878,"ARPC1B, AC004922.1"
"6",116431082,"A","G",446171,"DSE, Z84488.2"
"X",149498127,"T","A",449348,"IDS, AC244197.3"
"X",149490314,"C","A",457353,"IDS, AC244197.3"
"15",40729609,"G","A",471141,"RAD51, AC012476.1"
"19",41414140,"G","A",493261,"BCKDHA, AC011462.1"
"16",89934974,"G","C",520851,"TUBB3, AC092143.1"
"4",109766572,"C","T",522480,"CFI, AC126283.2"
"19",18868625,"A","G",522571,"GDF1, UPF1, CERS1"
"19",41422718,"C","T",522678,"BCKDHA, B3GNT8, AC011462.1"
"11",93812006,"G","A",522706,"MED17, AP001273.2"
"1",235414579,"T","G",522753,"TBCE, TBCE"
"15",40729632,"G","A",522859,"RAD51, AC012476.1"
"16",89919770,"C","G",548659,"TUBB3, MC1R, AC092143.1"
"19",41422274,"G","A",558191,"BCKDHA, B3GNT8, AC011462.1"
"12",120446808,"T","G",559417,"TRIAP1, GATC, AL021546.1"
"4",109766720,"G","C",560185,"CFI, AC126283.2"
"1",211019219,"T","C",560720,"KCNH1, AL590132.1"
"11",66526137,"C","G",585170,"BBS1, AP002748.4"
"11",66531741,"A","G",585173,"ZDHHC24, BBS1, AP002748.4"
"2",169487092,"A","G",585188,"BBS5, AC093899.2"
"X",149483134,"C","A",592185,"IDS, AC244197.3"
"2",233768295,"CC","GT",597250,"UGT1A6, UGT1A1, UGT1A10, UGT1A9, UGT1A4, UGT1A5, UGT1A7, UGT1A8, UGT1A3"
